Abilene Chr,Arizona St,0.12542992977078993
Abilene Chr,Auburn,0.048320292797542463
Abilene Chr,Baylor,0.11847604276040458
Abilene Chr,Belmont,0.22769710642170926
Abilene Chr,Bradley,0.34971644963946735
Abilene Chr,Buffalo,0.095333350193428035
Abilene Chr,Cincinnati,0.055011067807350655
Abilene Chr,Colgate,0.44033201178465176
Abilene Chr,Duke,0.023691156675730962
Abilene Chr,F Dickinson,0.62091421162813476
Abilene Chr,Florida,0.11391943417849126
Abilene Chr,Florida St,0.072299144250471459
Abilene Chr,Gardner Webb,0.5996352880372019
Abilene Chr,Georgia St,0.30882725467950245
Abilene Chr,Gonzaga,0.035400642037042851
Abilene Chr,Houston,0.053246634520569658
Abilene Chr,Iona,0.48769837718659081
Abilene Chr,Iowa,0.15511397570748742
Abilene Chr,Iowa St,0.08342900946122489
Abilene Chr,Kansas,0.063804270523268758
Abilene Chr,Kansas St,0.0816630975983208
Abilene Chr,Kentucky,0.046617332369862319
Abilene Chr,Liberty,0.36076648102792519
Abilene Chr,Louisville,0.10073128206918314
Abilene Chr,LSU,0.077110702390979946
Abilene Chr,Marquette,0.10912551641648649
Abilene Chr,Maryland,0.098606684806197276
Abilene Chr,Michigan,0.048460951191041102
Abilene Chr,Michigan St,0.039655980627598675
Abilene Chr,Minnesota,0.16346099674997694
Abilene Chr,Mississippi,0.17793311057882122
Abilene Chr,Mississippi St,0.10531878675389617
Abilene Chr,Montana,0.39676230243707378
Abilene Chr,Murray St,0.21938363841749708
Abilene Chr,N Dakota St,0.55537595525768857
Abilene Chr,N Kentucky,0.28254314021240945
Abilene Chr,NC Central,0.82862947834737233
Abilene Chr,Nevada,0.077410758833690752
Abilene Chr,New Mexico St,0.15555848324686583
Abilene Chr,North Carolina,0.03525300533773934
Abilene Chr,Northeastern,0.23770994602408169
Abilene Chr,Ohio St,0.12609791965057715
Abilene Chr,Oklahoma,0.14482076673466138
Abilene Chr,Old Dominion,0.25672007068087754
Abilene Chr,Oregon,0.096960192109494803
Abilene Chr,Prairie View,0.71568790987865483
Abilene Chr,Purdue,0.071608060439018684
Abilene Chr,Seton Hall,0.11329780770479969
Abilene Chr,St John's,0.16311061690274486
Abilene Chr,St Louis,0.22153208708769723
Abilene Chr,St Mary's CA,0.16834550118920266
Abilene Chr,Syracuse,0.11534393788171271
Abilene Chr,Temple,0.14740755034854491
Abilene Chr,Tennessee,0.049540131344091187
Abilene Chr,Texas Tech,0.051167324994421226
Abilene Chr,UC Irvine,0.23477136452776892
Abilene Chr,UCF,0.13219690222437264
Abilene Chr,Utah St,0.12250031401170181
Abilene Chr,VA Commonwealth,0.16085467527359165
Abilene Chr,Vermont,0.2576727813642461
Abilene Chr,Villanova,0.058247114239873166
Abilene Chr,Virginia,0.029288254794072821
Abilene Chr,Virginia Tech,0.073390300627739324
Abilene Chr,Washington,0.12335212519027861
Abilene Chr,Wisconsin,0.097690789557574376
Abilene Chr,Wofford,0.28524931456058711
Abilene Chr,Yale,0.34625058018236132
Arizona St,Auburn,0.25887215364325389
Arizona St,Baylor,0.4804092082357303
Arizona St,Belmont,0.66977720137394825
Arizona St,Bradley,0.7872205534820772
Arizona St,Buffalo,0.42027399256197273
Arizona St,Cincinnati,0.28595720869646901
Arizona St,Colgate,0.8440561994353819
Arizona St,Duke,0.14305567923762563
Arizona St,F Dickinson,0.91848724433275586
Arizona St,Florida,0.4693439275707828
Arizona St,Florida St,0.34901790141749045
Arizona St,Gardner Webb,0.91153183990417985
Arizona St,Georgia St,0.75453186968994412
Arizona St,Gonzaga,0.20158059057234812
Arizona St,Houston,0.27897212825652806
Arizona St,Iona,0.86753319397229645
Arizona St,Iowa,0.5581103575512778
Arizona St,Iowa St,0.38506478368613561
Arizona St,Kansas,0.31919660420295104
Arizona St,Kansas St,0.379558167921204
Arizona St,Kentucky,0.2517113420700503
Arizona St,Liberty,0.7951901295225724
Arizona St,Louisville,0.43521931903052791
Arizona St,LSU,0.36499966237101777
Arizona St,Marquette,0.45731249713810673
Arizona St,Maryland,0.42940858062044684
Arizona St,Michigan,0.25945862140965936
Arizona St,Michigan St,0.22123020175040142
Arizona St,Minnesota,0.57342510227552035
Arizona St,Mississippi,0.59823685618397437
Arizona St,Mississippi St,0.4474602799012205
Arizona St,Montana,0.8189966065804668
Arizona St,Murray St,0.65909779179176764
Arizona St,N Dakota St,0.89575791935497295
Arizona St,N Kentucky,0.73040070540311597
Arizona St,NC Central,0.97081506114642835
Arizona St,Nevada,0.36597572629078545
Arizona St,New Mexico St,0.55894571193528031
Arizona St,North Carolina,0.20088423963672009
Arizona St,Northeastern,0.68206157108508614
Arizona St,Ohio St,0.49815713759631541
Arizona St,Oklahoma,0.53810693840002344
Arizona St,Old Dominion,0.70379839997919991
Arizona St,Oregon,0.42484185892977944
Arizona St,Prairie View,0.94540699483616775
Arizona St,Purdue,0.3466701809557442
Arizona St,Seton Hall,0.46780678398256037
Arizona St,St John's,0.57279766945621802
Arizona St,St Louis,0.66190111790348471
Arizona St,St Mary's CA,0.58203659393000962
Arizona St,Syracuse,0.47284115604484145
Arizona St,Temple,0.54325601326977002
Arizona St,Tennessee,0.2639332146091814
Arizona St,Texas Tech,0.27059750247775693
Arizona St,UC Irvine,0.67851933410094012
Arizona St,UCF,0.51171429511186983
Arizona St,Utah St,0.48989515125214034
Arizona St,VA Commonwealth,0.56872609035046107
Arizona St,Vermont,0.70483692300716916
Arizona St,Villanova,0.29848758518910823
Arizona St,Virginia,0.17188806106214816
Arizona St,Virginia Tech,0.35269759722850902
Arizona St,Washington,0.491869660700893
Arizona St,Wisconsin,0.42687517929624708
Arizona St,Wofford,0.7330138672789106
Arizona St,Yale,0.78465060208462345
Auburn,Baylor,0.74435629877950182
Auburn,Belmont,0.86463305329054796
Auburn,Bradley,0.9209547715630948
Auburn,Buffalo,0.69540040885730581
Auburn,Cincinnati,0.55775054896148157
Auburn,Colgate,0.9445832446605783
Auburn,Duke,0.344568567632629
Auburn,F Dickinson,0.97259139235947756
Auburn,Florida,0.73582103241464414
Auburn,Florida St,0.62803111644893828
Auburn,Gardner Webb,0.97010236593888399
Auburn,Georgia St,0.90636762936850523
Auburn,Gonzaga,0.4429232933535362
Auburn,Houston,0.54923308412052407
Auburn,Iona,0.95375529308448992
Auburn,Iowa,0.7990929616990774
Auburn,Iowa St,0.6635228623005982
Auburn,Kansas,0.59620376163420363
Auburn,Kansas St,0.65829704128409217
Auburn,Kentucky,0.51440416114933996
Auburn,Liberty,0.92439643568392205
Auburn,Louisville,0.70817791661062601
Auburn,LSU,0.64414702286430325
Auburn,Marquette,0.72630819143178404
Auburn,Maryland,0.70326074569688246
Auburn,Michigan,0.52456873810535443
Auburn,Michigan St,0.47218543051850881
Auburn,Minnesota,0.80891535844007012
Auburn,Mississippi,0.8242284323226764
Auburn,Mississippi St,0.71833161648953725
Auburn,Montana,0.93442290182835586
Auburn,Murray St,0.85892799972628753
Auburn,N Dakota St,0.96436332260561453
Auburn,N Kentucky,0.89508751516752449
Auburn,NC Central,0.99054415751035785
Auburn,Nevada,0.64511120084222295
Auburn,New Mexico St,0.7996363058057554
Auburn,North Carolina,0.44185461845131391
Auburn,Northeastern,0.87106414965011791
Auburn,Ohio St,0.75763684917848717
Auburn,Oklahoma,0.78581181640777176
Auburn,Old Dominion,0.88211263178446986
Auburn,Oregon,0.69935123544971289
Auburn,Prairie View,0.9819934346860536
Auburn,Purdue,0.62561024729483439
Auburn,Seton Hall,0.7346193343080003
Auburn,St John's,0.80851863623344311
Auburn,St Louis,0.8604360301576448
Auburn,St Mary's CA,0.81431232327506264
Auburn,Syracuse,0.73854040110817898
Auburn,Temple,0.78928086439624767
Auburn,Tennessee,0.53034109529607565
Auburn,Texas Tech,0.53880809246373884
Auburn,UC Irvine,0.86922389591447924
Auburn,UCF,0.76745644628015564
Auburn,Utah St,0.75151590601337792
Auburn,VA Commonwealth,0.80593250062860911
Auburn,Vermont,0.88263022211046105
Auburn,Villanova,0.57263943351776447
Auburn,Virginia,0.39528112940599147
Auburn,Virginia Tech,0.63179750297638404
Auburn,Washington,0.75298834251726454
Auburn,Wisconsin,0.701096877086403
Auburn,Wofford,0.89633097267348993
Auburn,Yale,0.91983557907699887
Baylor,Belmont,0.68579278755641682
Baylor,Bradley,0.79924745651471119
Baylor,Buffalo,0.43824112570790863
Baylor,Cincinnati,0.30116520156531834
Baylor,Colgate,0.85346855907420727
Baylor,Duke,0.15228461235830593
Baylor,F Dickinson,0.92381264575567723
Baylor,Florida,0.48764426646960757
Baylor,Florida St,0.36586124572730838
Baylor,Gardner Webb,0.91727072327958414
Baylor,Georgia St,0.76786158666675508
Baylor,Gonzaga,0.213643840747471
Baylor,Houston,0.29396157088383623
Baylor,Iona,0.87573715736502122
Baylor,Iowa,0.5761142029915135
Baylor,Iowa St,0.40257194539054197
Baylor,Kansas,0.33534214994638811
Baylor,Kansas St,0.39697659126326779
Baylor,Kentucky,0.26577595284892663
Baylor,Liberty,0.80687707809004228
Baylor,Louisville,0.45332576041965444
Baylor,LSU,0.38216149884637085
Baylor,Marquette,0.47556413254279317
Baylor,Maryland,0.44746480703927061
Baylor,Michigan,0.27379772621798393
Baylor,Michigan St,0.23412453531378774
Baylor,Minnesota,0.59126194973384028
Baylor,Mississippi,0.61573146818817193
Baylor,Mississippi St,0.46565610162416826
Baylor,Montana,0.82961617332346693
Baylor,Murray St,0.67538029112566589
Baylor,N Dakota St,0.90241049899536263
Baylor,N Kentucky,0.74459726333374721
Baylor,NC Central,0.97282293053358293
Baylor,Nevada,0.38315576430876841
Baylor,New Mexico St,0.57694132164521639
Baylor,North Carolina,0.21291693065011907
Baylor,Northeastern,0.69775023231812661
Baylor,Ohio St,0.51648747318633204
Baylor,Oklahoma,0.55627782240766499
Baylor,Old Dominion,0.71885658139655639
Baylor,Oregon,0.44285509707636816
Baylor,Prairie View,0.94907119056021871
Baylor,Purdue,0.36346348450185906
Baylor,Seton Hall,0.48610209070620936
Baylor,St John's,0.59064202336985039
Baylor,St Louis,0.67811511272075098
Baylor,St Mary's CA,0.59976468700477858
Baylor,Syracuse,0.49115164631124208
Baylor,Temple,0.5613894429055416
Baylor,Tennessee,0.27842663436175974
Baylor,Texas Tech,0.28531502683509835
Baylor,UC Irvine,0.6943044464589021
Baylor,UCF,0.53001662478494072
Baylor,Utah St,0.50822935570417394
Baylor,VA Commonwealth,0.5866177767428582
Baylor,Vermont,0.71986332308420131
Baylor,Villanova,0.31406886466965822
Baylor,Virginia,0.18258074925451584
Baylor,Virginia Tech,0.36961769405946432
Baylor,Washington,0.51020385081115049
Baylor,Wisconsin,0.44490794111148324
Baylor,Wofford,0.74712046259572795
Baylor,Yale,0.79678526814787354
Belmont,Bradley,0.64516890356896006
Belmont,Buffalo,0.262690588390739
Belmont,Cincinnati,0.16445012012108529
Belmont,Colgate,0.72677898170501454
Belmont,Duke,0.075821659995977786
Belmont,F Dickinson,0.84704194303912994
Belmont,Florida,0.30297725126734965
Belmont,Florida St,0.20854123977205907
Belmont,Gardner Webb,0.8350847869368192
Belmont,Georgia St,0.6016987706153839
Belmont,Gonzaga,0.11038379393099063
Belmont,Houston,0.15976898461091471
Belmont,Iona,0.76295329907395315
Belmont,Iowa,0.38298784106962003
Belmont,Iowa St,0.23532428109158232
Belmont,Kansas,0.1872698715437473
Belmont,Kansas St,0.2311540900655813
Belmont,Kentucky,0.14186471398300493
Belmont,Liberty,0.6561349327374445
Belmont,Louisville,0.27468731722981143
Belmont,LSU,0.2202669954251506
Belmont,Marquette,0.29285694768759718
Belmont,Maryland,0.26999527184850769
Belmont,Michigan,0.14689478461811512
Belmont,Michigan St,0.12250776100027083
Belmont,Minnesota,0.39782337776514431
Belmont,Mississippi,0.42256368367239949
Belmont,Mississippi St,0.28468909714096646
Belmont,Montana,0.68979950363939158
Belmont,Murray St,0.4872263375302941
Belmont,N Dakota St,0.8085432555893276
Belmont,N Kentucky,0.57108382553429471
Belmont,NC Central,0.94235622900083726
Belmont,Nevada,0.22099071775348911
Belmont,New Mexico St,0.38378873176318506
Belmont,North Carolina,0.10995909121379743
Belmont,Northeastern,0.51321695988182348
Belmont,Ohio St,0.32788786612035115
Belmont,Oklahoma,0.36408949936564894
Belmont,Old Dominion,0.53868990521456406
Belmont,Oregon,0.26633256672540284
Belmont,Prairie View,0.89485560009431764
Belmont,Purdue,0.20683821905150435
Belmont,Seton Hall,0.30167522011669123
Belmont,St John's,0.3972091720492773
Belmont,St Louis,0.49035013379979864
Belmont,St Mary's CA,0.40630958749339741
Belmont,Syracuse,0.30594954939018193
Belmont,Temple,0.36890334113667334
Belmont,Tennessee,0.14982085692880542
Belmont,Texas Tech,0.1542074624498031
Belmont,UC Irvine,0.50914736385773629
Belmont,UCF,0.33995017213805467
Belmont,Utah St,0.32064550016889382
Belmont,VA Commonwealth,0.39323682731817511
Belmont,Vermont,0.53992890039424912
Belmont,Villanova,0.17294575617465058
Belmont,Virginia,0.092567009775741282
Belmont,Virginia Tech,0.21122043645882993
Belmont,Washington,0.32236895297030799
Belmont,Wisconsin,0.26796069256565591
Belmont,Wofford,0.57434127602549689
Belmont,Yale,0.64166422315581206
Bradley,Buffalo,0.16135058660134438
Bradley,Cincinnati,0.096070837598675407
Bradley,Colgate,0.58956294618451333
Bradley,Duke,0.042423486155104384
Bradley,F Dickinson,0.74939796808360959
Bradley,Florida,0.19010273553587009
Bradley,Florida St,0.12456171059183829
Bradley,Gardner Webb,0.73222079794596873
Bradley,Georgia St,0.44926667150862754
Bradley,Gonzaga,0.062796020217982251
Bradley,Houston,0.09311922004436668
Bradley,Iona,0.63477504745391078
Bradley,Iowa,0.25104100742970004
Bradley,Iowa St,0.14250114524906399
Bradley,Kansas,0.11065865817695819
Bradley,Kansas St,0.13967541573090347
Bradley,Kentucky,0.081955434317612874
Bradley,Liberty,0.50748311159696646
Bradley,Louisville,0.16978498651912788
Bradley,LSU,0.13235515649492757
Bradley,Marquette,0.18276415586902373
Bradley,Maryland,0.16647354877979936
Bradley,Michigan,0.085071896233538613
Bradley,Michigan St,0.070105090502224021
Bradley,Minnesota,0.26294355164949568
Bradley,Mississippi,0.28324122294251897
Bradley,Mississippi St,0.17689870071804481
Bradley,Montana,0.54562267190405733
Bradley,Murray St,0.33910432107371313
Bradley,N Dakota St,0.69516738401093514
Bradley,N Kentucky,0.41826302270605231
Bradley,NC Central,0.89824900644005312
Bradley,Nevada,0.13283924012265746
Bradley,New Mexico St,0.25167852403795821
Bradley,North Carolina,0.062541540070688684
Bradley,Northeastern,0.3627837198078967
Bradley,Ohio St,0.20850905713387335
Bradley,Oklahoma,0.23616148695285244
Bradley,Old Dominion,0.38672186391133945
Bradley,Oregon,0.16389989530963667
Bradley,Prairie View,0.82129489997451277
Bradley,Purdue,0.12343753633814125
Bradley,Seton Hall,0.18915414110690298
Bradley,St John's,0.26244683035774508
Bradley,St Louis,0.34191167739970696
Bradley,St Mary's CA,0.26984186436562274
Bradley,Syracuse,0.19227315755857644
Bradley,Temple,0.23992206818604855
Bradley,Tennessee,0.086891917787763617
Bradley,Texas Tech,0.089630272133662259
Bradley,UC Irvine,0.35902719234673108
Bradley,UCF,0.21760151298690733
Bradley,Utah St,0.20310669407593696
Bradley,VA Commonwealth,0.25924258481774409
Bradley,Vermont,0.38790524115550939
Bradley,Villanova,0.10146290482444342
Bradley,Virginia,0.05220948327923014
Bradley,Virginia Tech,0.12633421322479199
Bradley,Washington,0.20438845274635842
Bradley,Wisconsin,0.16504270058125003
Bradley,Wofford,0.42150541229838123
Bradley,Yale,0.49160384849076855
Buffalo,Cincinnati,0.3558381200661892
Buffalo,Colgate,0.88187948069068134
Buffalo,Duke,0.18716881703316302
Buffalo,F Dickinson,0.93955060191544026
Buffalo,Florida,0.54954890810692358
Buffalo,Florida St,0.42513404593929438
Buffalo,Gardner Webb,0.9342638794968553
Buffalo,Georgia St,0.8091593301011264
Buffalo,Gonzaga,0.2583009442044123
Buffalo,Houston,0.34797792946356221
Buffalo,Iona,0.90033463099760325
Buffalo,Iowa,0.63532337131254069
Buffalo,Iowa St,0.46344564263001742
Buffalo,Kansas,0.3927327121494204
Buffalo,Kansas St,0.45765233651320458
Buffalo,Kentucky,0.31693803760887485
Buffalo,Liberty,0.84265618538849341
Buffalo,Louisville,0.5152550552555939
Buffalo,LSU,0.44223346329072799
Buffalo,Marquette,0.53754416550453921
Buffalo,Maryland,0.50933942049793579
Buffalo,Michigan,0.32581875664288695
Buffalo,Michigan St,0.28152995971567918
Buffalo,Minnesota,0.64964199454318927
Buffalo,Mississippi,0.67255209422565998
Buffalo,Mississippi St,0.52764403399457604
Buffalo,Montana,0.86190351454676961
Buffalo,Murray St,0.72728731908849287
Buffalo,N Dakota St,0.92219714270293496
Buffalo,N Kentucky,0.7888959160827359
Buffalo,NC Central,0.97867062186047371
Buffalo,Nevada,0.44327188716808086
Buffalo,New Mexico St,0.63610793110424935
Buffalo,North Carolina,0.25747184084254948
Buffalo,Northeastern,0.7474180185399476
Buffalo,Ohio St,0.57792353599561674
Buffalo,Oklahoma,0.61641293725295931
Buffalo,Old Dominion,0.76621809686985898
Buffalo,Oregon,0.50467449690748323
Buffalo,Prairie View,0.95981845372215213
Buffalo,Purdue,0.4226067050495067
Buffalo,Seton Hall,0.54802035996443299
Buffalo,St John's,0.64905805715255649
Buffalo,St Louis,0.7297598172206432
Buffalo,St Mary's CA,0.65763350320888248
Buffalo,Syracuse,0.55302094893930298
Buffalo,Temple,0.62130341081115148
Buffalo,Tennessee,0.33092637248226409
Buffalo,Texas Tech,0.33850430711232116
Buffalo,UC Irvine,0.74433098869398107
Buffalo,UCF,0.59109461885971371
Buffalo,Utah St,0.56984080251566072
Buffalo,VA Commonwealth,0.64526317521873167
Buffalo,Vermont,0.76711018697845523
Buffalo,Villanova,0.36984456339360705
Buffalo,Virginia,0.22258274052005578
Buffalo,Virginia Tech,0.42908728065998514
Buffalo,Washington,0.57177635581437891
Buffalo,Wisconsin,0.50675325941809968
Buffalo,Wofford,0.79110425500306891
Buffalo,Yale,0.83404950947645351
Cincinnati,Colgate,0.93089004910014062
Cincinnati,Duke,0.29350530613153825
Cincinnati,F Dickinson,0.96556658321385302
Cincinnati,Florida,0.68760384603305269
Cincinnati,Florida St,0.57159461679514401
Cincinnati,Gardner Webb,0.96246424107982587
Cincinnati,Georgia St,0.88438731732101339
Cincinnati,Gonzaga,0.38586535046026937
Cincinnati,Houston,0.49053941362717124
Cincinnati,Iona,0.94218975777616376
Cincinnati,Iowa,0.75863594132737366
Cincinnati,Iowa St,0.60911977010551277
Cincinnati,Kansas,0.53848689619117551
Cincinnati,Kansas St,0.60355385217691726
Cincinnati,Kentucky,0.4556700058138311
Cincinnati,Liberty,0.9062104573740124
Cincinnati,Louisville,0.65726543394097559
Cincinnati,LSU,0.58855377094522687
Cincinnati,Marquette,0.67711662998751798
Cincinnati,Maryland,0.65191205859243184
Cincinnati,Michigan,0.46578723992351434
Cincinnati,Michigan St,0.41416041212900245
Cincinnati,Minnesota,0.76986665484019401
Cincinnati,Mississippi,0.78748689774798519
Cincinnati,Mississippi St,0.66836101898082989
Cincinnati,Montana,0.91843592351569281
Cincinnati,Murray St,0.82792545186525379
Cincinnati,N Dakota St,0.95532652881822533
Cincinnati,N Kentucky,0.87083654333623739
Cincinnati,NC Central,0.98806416307863709
Cincinnati,Nevada,0.58957260253406729
Cincinnati,New Mexico St,0.7592557362114194
Cincinnati,North Carolina,0.38483923989078672
Cincinnati,Northeastern,0.84223882066935607
Cincinnati,Ohio St,0.71184210957444871
Cincinnati,Oklahoma,0.74353868630878384
Cincinnati,Old Dominion,0.85534715308270759
Cincinnati,Oregon,0.6476649692729981
Cincinnati,Prairie View,0.97732217552820388
Cincinnati,Purdue,0.56905848002428372
Cincinnati,Seton Hall,0.68627633089193385
Cincinnati,St John's,0.76941197135142059
Cincinnati,St Louis,0.82969918383564578
Cincinnati,St Mary's CA,0.77606118414110936
Cincinnati,Syracuse,0.69061085466965322
Cincinnati,Temple,0.74747237725840898
Cincinnati,Tennessee,0.47155432247546747
Cincinnati,Texas Tech,0.48004206882180978
Cincinnati,UC Irvine,0.84006269383233778
Cincinnati,UCF,0.72283837097901116
Cincinnati,Utah St,0.70501491312170905
Cincinnati,VA Commonwealth,0.76645023205072538
Cincinnati,Vermont,0.85596306994942029
Cincinnati,Villanova,0.51429829989607001
Cincinnati,Virginia,0.34060802592180472
Cincinnati,Virginia Tech,0.57554623986018594
Cincinnati,Washington,0.70665534211400782
Cincinnati,Wisconsin,0.64956033471386254
Cincinnati,Wofford,0.87232643284741718
Cincinnati,Yale,0.90067040013589172
Colgate,Duke,0.030385369566766074
Colgate,F Dickinson,0.67899783002293868
Colgate,Florida,0.14239035863665062
Colgate,Florida St,0.091441705678337204
Colgate,Gardner Webb,0.65918970567460833
Colgate,Georgia St,0.36589502158775411
Colgate,Gonzaga,0.045250156662539398
Colgate,Houston,0.067712883676124602
Colgate,Iona,0.55144807498448156
Colgate,Iowa,0.19165347566001756
Colgate,Iowa St,0.10518429462766843
Colgate,Kansas,0.08089377809442766
Colgate,Kansas St,0.10300964862553541
Colgate,Kentucky,0.059395499532508556
Colgate,Liberty,0.42157790200248013
Colgate,Louisville,0.12637629178095811
Colgate,LSU,0.097393470480580557
Colgate,Marquette,0.13658301652447657
Colgate,Maryland,0.12378525194701462
Colgate,Michigan,0.061711757432028613
Colgate,Michigan St,0.050627316742219541
Colgate,Minnesota,0.20149782882219736
Colgate,Mississippi,0.21845811971942697
Colgate,Mississippi St,0.13196033817863606
Colgate,Montana,0.45928180069985725
Colgate,Murray St,0.26629111883275958
Colgate,N Dakota St,0.61731231236478257
Colgate,N Kentucky,0.33712293003918126
Colgate,NC Central,0.86196230680120478
Colgate,Nevada,0.097764091341764559
Colgate,New Mexico St,0.19217887621848595
Colgate,North Carolina,0.04506336202796446
Colgate,Northeastern,0.28709474225578868
Colgate,Ohio St,0.15707296836591356
Colgate,Oklahoma,0.1794505440892098
Colgate,Old Dominion,0.30845616422544164
Colgate,Oregon,0.12177513562939268
Colgate,Prairie View,0.76475199684635575
Colgate,Purdue,0.090585511266054741
Colgate,Seton Hall,0.14163820794005844
Colgate,St John's,0.20108551529457153
Colgate,St Louis,0.26874079152717811
Colgate,St Mary's CA,0.20723736723523445
Colgate,Syracuse,0.14411297406466017
Colgate,Temple,0.18252386308178492
Colgate,Tennessee,0.063066463044821441
Colgate,Texas Tech,0.065107508149405913
Colgate,UC Irvine,0.28377292953812638
Colgate,UCF,0.16438830365309021
Colgate,Utah St,0.15274609991482291
Colgate,VA Commonwealth,0.19842888392422442
Colgate,Vermont,0.3095209195132852
Colgate,Villanova,0.073965775201246808
Colgate,Virginia,0.037503241494040052
Colgate,Virginia Tech,0.092792868759755898
Colgate,Washington,0.15377137119690631
Colgate,Wisconsin,0.12266731509704132
Colgate,Wofford,0.34010405497639584
Colgate,Yale,0.40616989214782195
Duke,F Dickinson,0.98614586046296626
Duke,Florida,0.84818980488574314
Duke,Florida St,0.77204467956664347
Duke,Gardner Webb,0.98486859016413209
Duke,Georgia St,0.95102275090399258
Duke,Gonzaga,0.61462772054754522
Duke,Houston,0.70965020427955117
Duke,Iona,0.97639879622225434
Duke,Iowa,0.88862260591958153
Duke,Iowa St,0.79821035505011328
Duke,Kansas,0.74758724835605195
Duke,Kansas St,0.79442827569776719
Duke,Kentucky,0.679994354689202
Duke,Liberty,0.96082490057950065
Duke,Louisville,0.82958151850004258
Duke,LSU,0.78406637396044165
Duke,Marquette,0.84185360932448539
Duke,Maryland,0.82620797087714615
Duke,Michigan,0.68878976843294148
Duke,Michigan St,0.64215735155008935
Duke,Minnesota,0.89464497012608335
Duke,Mississippi,0.90390402373055556
Duke,Mississippi St,0.83648640854341583
Duke,Montana,0.96619692409177904
Duke,Murray St,0.92431884994161462
Duke,N Dakota St,0.98191116618033525
Duke,N Kentucky,0.94479467633594605
Duke,NC Central,0.99526362185857986
Duke,Nevada,0.78477811036541345
Duke,New Mexico St,0.88895746751354177
Duke,North Carolina,0.61360108144858327
Duke,Northeastern,0.93127962812601539
Duke,Ohio St,0.86246073969683301
Duke,Oklahoma,0.88037389601470695
Duke,Old Dominion,0.93753825972465332
Duke,Oregon,0.82351177354382543
Duke,Prairie View,0.9909415852858946
Duke,Purdue,0.77021815995786902
Duke,Seton Hall,0.8473932408067848
Duke,St John's,0.8944030014119162
Duke,St Louis,0.92518874879626001
Duke,St Mary's CA,0.89792613979556513
Duke,Syracuse,0.84998830091602207
Duke,Temple,0.88254032142682148
Duke,Tennessee,0.69373237463442505
Duke,Texas Tech,0.70091493273138072
Duke,UC Irvine,0.93022996923160839
Duke,UCF,0.86876892296882102
Duke,Utah St,0.85849269215305202
Duke,VA Commonwealth,0.89282305236549109
Duke,Vermont,0.93782965206016466
Duke,Villanova,0.72883926354829076
Duke,Virginia,0.56732533453883383
Duke,Virginia Tech,0.77487556353880582
Duke,Washington,0.85944977404545875
Duke,Wisconsin,0.82471719362894935
Duke,Wofford,0.94548486991567271
Duke,Yale,0.95836264048673903
F Dickinson,Florida,0.080453418485330386
F Dickinson,Florida St,0.050364915663660415
F Dickinson,Gardner Webb,0.50476479712441369
F Dickinson,Georgia St,0.23317065820418159
F Dickinson,Gonzaga,0.024366712529406809
F Dickinson,Houston,0.036862906516462068
F Dickinson,Iona,0.39314715171315862
F Dickinson,Iowa,0.11106312410163688
F Dickinson,Iowa St,0.058330493002892392
F Dickinson,Kansas,0.044324096123970369
F Dickinson,Kansas St,0.057062758424735183
F Dickinson,Kentucky,0.03220402371630815
F Dickinson,Liberty,0.27749430536905895
F Dickinson,Louisville,0.07082984434944517
F Dickinson,LSU,0.05380139223293845
F Dickinson,Marquette,0.076945511405393185
F Dickinson,Maryland,0.069287327780447105
F Dickinson,Michigan,0.033497653930005367
F Dickinson,Michigan St,0.027333299839599312
F Dickinson,Minnesota,0.11736897156143433
F Dickinson,Mississippi,0.12838659363755589
F Dickinson,Mississippi St,0.074167890735046926
F Dickinson,Montana,0.30920045832396359
F Dickinson,Murray St,0.16054915240220158
F Dickinson,N Dakota St,0.45947167586655668
F Dickinson,N Kentucky,0.21135659788480876
F Dickinson,NC Central,0.76693044051671277
F Dickinson,Nevada,0.054016055231302595
F Dickinson,New Mexico St,0.11139804001049969
F Dickinson,North Carolina,0.024263934792267405
F Dickinson,Northeastern,0.17506289245540019
F Dickinson,Ohio St,0.089415266142854333
F Dickinson,Oklahoma,0.1033355612465936
F Dickinson,Old Dominion,0.19031381221517929
F Dickinson,Oregon,0.068093414595710389
F Dickinson,Prairie View,0.63141353972303749
F Dickinson,Purdue,0.049872222736570548
F Dickinson,Seton Hall,0.079997919711887411
F Dickinson,St John's,0.11710355991102517
F Dickinson,St Louis,0.16224117850114417
F Dickinson,St Mary's CA,0.12107550813960677
F Dickinson,Syracuse,0.081497936522430647
F Dickinson,Temple,0.1052725555252545
F Dickinson,Tennessee,0.034255611362636884
F Dickinson,Texas Tech,0.035399468206348761
F Dickinson,UC Irvine,0.17272327918366503
F Dickinson,UCF,0.093930719437789967
F Dickinson,Utah St,0.086760323709154541
F Dickinson,VA Commonwealth,0.11539619106932986
F Dickinson,Vermont,0.19108343844855447
F Dickinson,Villanova,0.040390403934350116
F Dickinson,Virginia,0.02011974064658606
F Dickinson,Virginia Tech,0.051143285043369735
F Dickinson,Washington,0.087388364879197211
F Dickinson,Wisconsin,0.068623029137638181
F Dickinson,Wofford,0.21358392813332994
F Dickinson,Yale,0.26494027428624845
Florida,Florida St,0.39130059672572837
Florida,Gardner Webb,0.92511706360364854
Florida,Georgia St,0.78658141733894027
Florida,Gonzaga,0.23237759259525448
Florida,Houston,0.31689989343418024
Florida,Iona,0.88703757577118536
Florida,Iowa,0.60228784675249303
Florida,Iowa St,0.42883769423606788
Florida,Kansas,0.35986366862791219
Florida,Kansas St,0.4231358360290296
Florida,Kentucky,0.28741021166811076
Florida,Liberty,0.82317519087375002
Florida,Louisville,0.48024105360230263
Florida,LSU,0.40800502072964173
Florida,Marquette,0.50258591031010824
Florida,Maryland,0.47433405251575445
Florida,Michigan,0.29582187389070524
Florida,Michigan St,0.25407391811848168
Florida,Minnesota,0.61712187293228482
Florida,Mississippi,0.64098329212161087
Florida,Mississippi St,0.49264375073150413
Florida,Montana,0.84436542656549352
Florida,Murray St,0.69863087596354789
Florida,N Dakota St,0.91153030142160485
Florida,N Kentucky,0.76461805836325625
Florida,NC Central,0.97554099260278715
Florida,Nevada,0.40902201082847045
Florida,New Mexico St,0.60309907830188558
Florida,North Carolina,0.2316057155456297
Florida,Northeastern,0.72006269512721488
Florida,Ohio St,0.54342505525454432
Florida,Oklahoma,0.58278929961399517
Florida,Old Dominion,0.74019110782283737
Florida,Oregon,0.46968283614875139
Florida,Prairie View,0.95405254034262132
Florida,Purdue,0.38883834295267405
Florida,Seton Hall,0.51313676915629947
Florida,St John's,0.61651572948805855
Florida,St Louis,0.7012564624328943
Florida,St Mary's CA,0.62542745934329513
Florida,Syracuse,0.51818398253092213
Florida,Temple,0.58782180626357072
Florida,Tennessee,0.30066896648203201
Florida,Texas Tech,0.30787285432557032
Florida,UC Irvine,0.71676802632722725
Florida,UCF,0.5568471853798731
Florida,Utah St,0.53521299169139491
Florida,VA Commonwealth,0.61257899821618245
Florida,Vermont,0.74114896244706086
Florida,Villanova,0.33782545502894334
Florida,Virginia,0.19928095742198659
Florida,Virginia Tech,0.39515548021752778
Florida,Washington,0.53717780717294761
Florida,Wisconsin,0.4717547399716967
Florida,Wofford,0.7670053578785776
Florida,Yale,0.81373845109410248
Florida St,Gardner Webb,0.95343592250497944
Florida St,Georgia St,0.85932433472225156
Florida St,Gonzaga,0.33410298443228703
Florida St,Houston,0.43467384047156754
Florida St,Iona,0.92864643133523062
Florida St,Iowa,0.71509417867271441
Florida St,Iowa St,0.55444667599406605
Florida St,Kansas,0.48233053523518443
Florida St,Kansas St,0.54867907572499941
Florida St,Kentucky,0.40065256813990835
Florida St,Liberty,0.88526462179663878
Florida St,Louisville,0.60495912194880241
Florida St,LSU,0.53320852357506709
Florida St,Marquette,0.62611653185351535
Florida St,Maryland,0.59928684333297511
Florida St,Michigan,0.41046940067989546
Florida St,Michigan St,0.36083250581945425
Florida St,Minnesota,0.72762349213164579
Florida St,Mississippi,0.74741694640745537
Florida St,Mississippi St,0.61676069541694045
Florida St,Montana,0.89991884646553211
Florida St,Murray St,0.79348069175739988
Florida St,N Dakota St,0.94468008364924461
Florida St,N Kentucky,0.84335627904809185
Florida St,NC Central,0.98509794925332173
Florida St,Nevada,0.5342559518858736
Florida St,New Mexico St,0.71578389506995765
Florida St,North Carolina,0.33313985451779482
Florida St,Northeastern,0.81000170049912434
Florida St,Ohio St,0.66360199170597156
Florida St,Oklahoma,0.69835630812681337
Florida St,Old Dominion,0.82523279384482251
Florida St,Oregon,0.59479676201995346
Florida St,Prairie View,0.97176272602751712
Florida St,Purdue,0.51325958821992967
Florida St,Seton Hall,0.63594515124491258
Florida St,St John's,0.72711493071963673
Florida St,St Louis,0.79552178776672955
Florida St,St Mary's CA,0.7345630455424812
Florida St,Syracuse,0.64061090539752086
Florida St,Temple,0.70270592584905589
Florida St,Tennessee,0.41608503249827622
Florida St,Texas Tech,0.42437615486508162
Florida St,UC Irvine,0.80748254359259208
Florida St,UCF,0.67560020362621798
Florida St,Utah St,0.65618389377828934
Florida St,VA Commonwealth,0.72380493504818544
Florida St,Vermont,0.82595084308768985
Florida St,Villanova,0.45816026474902205
Florida St,Virginia,0.29202986321565094
Florida St,Virginia Tech,0.51987863699739845
Florida St,Washington,0.6579641321848686
Florida St,Wisconsin,0.59679947621630491
Florida St,Wofford,0.84510677029323678
Florida St,Yale,0.8786529895960179
Gardner Webb,Georgia St,0.23989307300390972
Gardner Webb,Gonzaga,0.025267576193319985
Gardner Webb,Houston,0.038207675239320893
Gardner Webb,Iona,0.40206349781277106
Gardner Webb,Iowa,0.11479211973398162
Gardner Webb,Iowa St,0.060409285214594322
Gardner Webb,Kansas,0.045928071598713704
Gardner Webb,Kansas St,0.059099206374096713
Gardner Webb,Kentucky,0.033384726286684319
Gardner Webb,Liberty,0.28501962436863737
Gardner Webb,Louisville,0.073319407074820764
Gardner Webb,LSU,0.055728327800341759
Gardner Webb,Marquette,0.079631608476253501
Gardner Webb,Maryland,0.07172685863059991
Gardner Webb,Michigan,0.03472408340632005
Gardner Webb,Michigan St,0.028340655462199771
Gardner Webb,Minnesota,0.12128080298579691
Gardner Webb,Mississippi,0.13261046392275921
Gardner Webb,Mississippi St,0.076765087570396018
Gardner Webb,Montana,0.31720811049464392
Gardner Webb,Murray St,0.1656300842710664
Gardner Webb,N Dakota St,0.46873038498518826
Gardner Webb,N Kentucky,0.21762858993375445
Gardner Webb,NC Central,0.77351861666664734
Gardner Webb,Nevada,0.055950224486471689
Gardner Webb,New Mexico St,0.11513682413052406
Gardner Webb,North Carolina,0.025161096647349002
Gardner Webb,Northeastern,0.1805043776937334
Gardner Webb,Ohio St,0.092493051648754987
Gardner Webb,Oklahoma,0.10683628299508274
Gardner Webb,Old Dominion,0.19611664508944204
Gardner Webb,Oregon,0.070494092993030555
Gardner Webb,Prairie View,0.64003441941190964
Gardner Webb,Purdue,0.051666116459381461
Gardner Webb,Seton Hall,0.082781017367736465
Gardner Webb,St John's,0.1210077581145248
Gardner Webb,St Louis,0.1673649821881541
Gardner Webb,St Mary's CA,0.12509336746407029
Gardner Webb,Syracuse,0.084328435862661588
Gardner Webb,Temple,0.10883093275862388
Gardner Webb,Tennessee,0.035508771935551575
Gardner Webb,Texas Tech,0.03669288419092831
Gardner Webb,UC Irvine,0.17810774322632439
Gardner Webb,UCF,0.097147350438861246
Gardner Webb,Utah St,0.08975573067066378
Gardner Webb,VA Commonwealth,0.1192511546040772
Gardner Webb,Vermont,0.19690403116067501
Gardner Webb,Villanova,0.041858264057235806
Gardner Webb,Virginia,0.020866947431989247
Gardner Webb,Virginia Tech,0.052980349221283474
Gardner Webb,Washington,0.090403308553499317
Gardner Webb,Wisconsin,0.071040956051952042
Gardner Webb,Wofford,0.21990358602365689
Gardner Webb,Yale,0.27225343076365416
Georgia St,Gonzaga,0.081183184760017402
Georgia St,Houston,0.11925545344210409
Georgia St,Iona,0.69622547446515193
Georgia St,Iowa,0.30652044363436914
Georgia St,Iowa St,0.1797504411048283
Georgia St,Kansas,0.14095263016430404
Georgia St,Kansas St,0.17633797056463196
Georgia St,Kentucky,0.10532217488411721
Georgia St,Liberty,0.57604667041495583
Georgia St,Louisville,0.21239963407787887
Georgia St,LSU,0.16747028923139817
Georgia St,Marquette,0.22774283313933397
Georgia St,Maryland,0.20846575144826174
Georgia St,Michigan,0.10922147494966428
Georgia St,Michigan St,0.090425915673952417
Georgia St,Minnesota,0.31992978916364034
Georgia St,Mississippi,0.34258181576125957
Georgia St,Mississippi St,0.22082392227570014
Georgia St,Montana,0.61292647201955186
Georgia St,Murray St,0.40355900956868063
Georgia St,N Dakota St,0.75045125918397082
Georgia St,N Kentucky,0.48668382027767387
Georgia St,NC Central,0.92089350042554319
Georgia St,Nevada,0.16805792844520573
Georgia St,New Mexico St,0.30724105351655706
Georgia St,North Carolina,0.080860619782350263
Georgia St,Northeastern,0.42881889428041764
Georgia St,Ohio St,0.25782474573638303
Georgia St,Oklahoma,0.2896241938290286
Georgia St,Old Dominion,0.45400981016140995
Georgia St,Oregon,0.20540288362378956
Georgia St,Prairie View,0.85836497715095428
Georgia St,Purdue,0.15661379773037831
Georgia St,Seton Hall,0.23525271644948986
Georgia St,St John's,0.31937206254962203
Georgia St,St Louis,0.40657170568619427
Georgia St,St Mary's CA,0.32765851696694526
Georgia St,Syracuse,0.23890789972038851
Georgia St,Temple,0.29390853038141285
Georgia St,Tennessee,0.11149519007808695
Georgia St,Texas Tech,0.11491132779068136
Georgia St,UC Irvine,0.42483446669081926
Georgia St,UCF,0.26833862538730091
Georgia St,Utah St,0.25155072959991942
Georgia St,VA Commonwealth,0.3157703649024044
Georgia St,Vermont,0.45524624517831314
Georgia St,Villanova,0.12960631563318592
Georgia St,Virginia,0.067720815156209868
Georgia St,Virginia Tech,0.16014677541997158
Georgia St,Washington,0.25304113089222302
Georgia St,Wisconsin,0.20676350883627459
Georgia St,Wofford,0.49000984235784828
Georgia St,Yale,0.56046337751584185
Gonzaga,Houston,0.60697889863870458
Gonzaga,Iona,0.96315584781019403
Gonzaga,Iowa,0.83447674568663444
Gonzaga,Iowa St,0.71424501331552004
Gonzaga,Kansas,0.65174769868987348
Gonzaga,Kansas St,0.7094620171320758
Gonzaga,Kentucky,0.57314412673647253
Gonzaga,Liberty,0.93938572744321491
Gonzaga,Louisville,0.75465758033287034
Gonzaga,LSU,0.69645377900985572
Gonzaga,Marquette,0.77083462367840394
Gonzaga,Maryland,0.7502473841652062
Gonzaga,Michigan,0.58307570232030725
Gonzaga,Michigan St,0.53137993819601848
Gonzaga,Minnesota,0.84290929909674339
Gonzaga,Mississippi,0.8559831857494834
Gonzaga,Mississippi St,0.76373360635328758
Gonzaga,Montana,0.94753714780157272
Gonzaga,Murray St,0.88528642832849447
Gonzaga,N Dakota St,0.97167154195529259
Gonzaga,N Kentucky,0.91535556122975958
Gonzaga,NC Central,0.99252493887813142
Gonzaga,Nevada,0.69734282287153171
Gonzaga,New Mexico St,0.83494416187973841
Gonzaga,North Carolina,0.50085490972819313
Gonzaga,Northeastern,0.8954310751692377
Gonzaga,Ohio St,0.79848062236547124
Gonzaga,Oklahoma,0.8230166183805403
Gonzaga,Old Dominion,0.9046201927393086
Gonzaga,Oregon,0.74673398115609491
Gonzaga,Prairie View,0.98573960892624446
Gonzaga,Purdue,0.67928510877107684
Gonzaga,Seton Hall,0.778206541309023
Gonzaga,St John's,0.84256941811544761
Gonzaga,St Louis,0.88654990923979748
Gonzaga,St Mary's CA,0.84752711781207202
Gonzaga,Syracuse,0.78167499304734012
Gonzaga,Temple,0.82601650222190726
Gonzaga,Tennessee,0.58869468249142254
Gonzaga,Texas Tech,0.59690926292418267
Gonzaga,UC Irvine,0.89389623868326595
Gonzaga,UCF,0.80706679534890025
Gonzaga,Utah St,0.79310951844255051
Gonzaga,VA Commonwealth,0.84035236224480192
Gonzaga,Vermont,0.90504959952709896
Gonzaga,Villanova,0.62940996293524676
Gonzaga,Virginia,0.45311112075290361
Gonzaga,Virginia Tech,0.68503190941537428
Gonzaga,Washington,0.79440291311510502
Gonzaga,Wisconsin,0.74830352101154662
Gonzaga,Wofford,0.91638123674736649
Gonzaga,Yale,0.93566618281082614
Houston,Iona,0.94376060529617867
Houston,Iowa,0.76394480999321623
Houston,Iowa St,0.61605289630498627
Houston,Kansas,0.54573853312875398
Houston,Kansas St,0.61052257719449088
Houston,Kentucky,0.46292505480166479
Houston,Liberty,0.90866417861417925
Houston,Louisville,0.66381591147778685
Houston,LSU,0.59560950335358931
Houston,Marquette,0.68347041911246798
Houston,Maryland,0.65851169281852417
Houston,Michigan,0.47306337886249994
Houston,Michigan St,0.42126604171874205
Houston,Minnesota,0.77500176349966043
Houston,Mississippi,0.79233488967453958
Houston,Mississippi St,0.67480435597650446
Houston,Montana,0.92059782681984081
Houston,Murray St,0.83204768215001723
Houston,N Dakota St,0.95655687660923439
Houston,N Kentucky,0.87408713024259932
Houston,NC Central,0.98840383112490537
Houston,Nevada,0.59662283787078918
Houston,New Mexico St,0.7645552032216415
Houston,North Carolina,0.39177823086158825
Houston,Northeastern,0.84608190529621274
Houston,Ohio St,0.71779735641398945
Houston,Oklahoma,0.74906978668137914
Houston,Old Dominion,0.85892440334357401
Houston,Oregon,0.65430242676263517
Houston,Prairie View,0.97796071860005429
Houston,Purdue,0.57620780223262558
Houston,Seton Hall,0.69253172033273058
Houston,St John's,0.77455425462517935
Houston,St Louis,0.83378745300259038
Houston,St Mary's CA,0.78109737233905885
Houston,Syracuse,0.69681799879393402
Houston,Temple,0.75294682854251926
Houston,Tennessee,0.47883979939687726
Houston,Texas Tech,0.48733774677064989
Houston,UC Irvine,0.84394896731895608
Houston,UCF,0.72865298984702864
Houston,Utah St,0.71105398266163855
Houston,VA Commonwealth,0.771638960999528
Houston,Vermont,0.85952759010559743
Houston,Villanova,0.52159234133446797
Houston,Virginia,0.34719961752028772
Houston,Virginia Tech,0.58266686466996975
Houston,Washington,0.71267451488366229
Houston,Wisconsin,0.65618104115422771
Houston,Wofford,0.87554488312148659
Houston,Yale,0.90325358672583711
Iona,Iowa,0.17751990050920163
Iona,Iowa St,0.096664880536353581
Iona,Kansas,0.074178682027321918
Iona,Kansas St,0.09464773975811569
Iona,Kentucky,0.054359455044649008
Iona,Liberty,0.39885482511669368
Iona,Louisville,0.11636363982737552
Iona,LSU,0.089442001124793724
Iona,Marquette,0.12587821603071048
Iona,Maryland,0.1139511088025944
Iona,Michigan,0.056491116281531362
Iona,Michigan St,0.046298118395454835
Iona,Minnesota,0.18680604785252886
Iona,Mississippi,0.20284385552179163
Iona,Mississippi St,0.12156683197571871
Iona,Montana,0.43605854013535794
Iona,Murray St,0.24834438073556431
Iona,N Dakota St,0.59488959344686787
Iona,N Kentucky,0.31646145923264801
Iona,NC Central,0.85040042374705527
Iona,Nevada,0.089785373402092472
Iona,New Mexico St,0.17801508783085029
Iona,North Carolina,0.041189301558319902
Iona,Northeastern,0.26825856267261661
Iona,Ohio St,0.14503200478136402
Iona,Oklahoma,0.1660320407338246
Iona,Old Dominion,0.28878620034420011
Iona,Oregon,0.11208025943115751
Iona,Prairie View,0.7474336667611361
Iona,Purdue,0.08313866596534536
Iona,Seton Hall,0.1305971312538744
Iona,St John's,0.18641677883987118
Iona,St Louis,0.25068536547870246
Iona,St Mary's CA,0.19222784463670639
Iona,Syracuse,0.13290885367486172
Iona,Temple,0.16892286052057759
Iona,Tennessee,0.057738269869358483
Iona,Texas Tech,0.059617848931837414
Iona,UC Irvine,0.2650736569520955
Iona,UCF,0.1518876058050046
Iona,Utah St,0.14098135117033972
Iona,VA Commonwealth,0.18390933127249265
Iona,Vermont,0.28981151199291644
Iona,Villanova,0.067783368169130997
Iona,Virginia,0.034255803649269057
Iona,Virginia Tech,0.085181558129255652
Iona,Washington,0.14194088397498794
Iona,Wisconsin,0.11291054184437044
Iona,Wofford,0.31934789861161594
Iona,Yale,0.38372635748934647
Iowa,Iowa St,0.3461328263623884
Iowa,Kansas,0.28385021713216119
Iowa,Kansas St,0.34087433809218748
Iowa,Kentucky,0.2214076300181127
Iowa,Liberty,0.76647677280209869
Iowa,Louisville,0.39446935858193366
Iowa,LSU,0.32701755099366903
Iowa,Marquette,0.41601766736912615
Iowa,Maryland,0.38882811877119983
Iowa,Michigan,0.22850703017883234
Iowa,Michigan St,0.19364648392744355
Iowa,Minnesota,0.53192228610664816
Iowa,Mississippi,0.5572843024588251
Iowa,Mississippi St,0.40638888873611867
Iowa,Montana,0.7927509423241591
Iowa,Murray St,0.62041262059764124
Iowa,N Dakota St,0.87899826059533004
Iowa,N Kentucky,0.69607579829506472
Iowa,NC Central,0.96566019724414598
Iowa,Nevada,0.32794450057472058
Iowa,New Mexico St,0.51722020553075232
Iowa,North Carolina,0.1752664028562062
Iowa,Northeastern,0.64457705156964284
Iowa,Ohio St,0.45627502905181605
Iowa,Oklahoma,0.49618697603463691
Iowa,Old Dominion,0.66762778539933798
Iowa,Oregon,0.38440222217629849
Iowa,Prairie View,0.93605994095478928
Iowa,Purdue,0.30966529264538989
Iowa,Seton Hall,0.4263087374800969
Iowa,St John's,0.53128370633818012
Iowa,St Louis,0.62335227316805319
Iowa,St Mary's CA,0.54070052826148252
Iowa,Syracuse,0.43125841058541925
Iowa,Temple,0.50137033456640001
Iowa,Tennessee,0.2326155067639285
Iowa,Texas Tech,0.23874551393543719
Iowa,UC Irvine,0.64083710431966245
Iowa,UCF,0.46975931712880381
Iowa,Utah St,0.4480874475361174
Iowa,VA Commonwealth,0.52714309294049233
Iowa,Vermont,0.66873343581337485
Iowa,Villanova,0.26454333149382336
Iowa,Virginia,0.14927722216051731
Iowa,Virginia Tech,0.31535988127622039
Iowa,Washington,0.45004211623763013
Iowa,Wisconsin,0.38637201404853094
Iowa,Wofford,0.69888450290036985
Iowa,Yale,0.75491506158508859
Iowa St,Kansas,0.44882315951512541
Iowa St,Kansas St,0.51514926065875777
Iowa St,Kentucky,0.36877719254464236
Iowa St,Liberty,0.87085489466101251
Iowa St,Louisville,0.57235161760467101
Iowa St,LSU,0.49957762257920846
Iowa St,Marquette,0.59408361786812003
Iowa St,Maryland,0.56654660392228795
Iowa St,Michigan,0.37830598440316299
Iowa St,Michigan St,0.33037884418853725
Iowa St,Minnesota,0.70012201688591102
Iowa St,Mississippi,0.72114808365513217
Iowa St,Mississippi St,0.58445819757240147
Iowa St,Montana,0.88711487283197021
Iowa St,Murray St,0.77053169125002641
Iowa St,N Dakota St,0.93720307594079688
Iowa St,N Kentucky,0.82472533190908726
Iowa St,NC Central,0.98298540548197322
Iowa St,Nevada,0.50062983997079302
Iowa St,New Mexico St,0.68760024023464128
Iowa St,North Carolina,0.30391210542813374
Iowa St,Northeastern,0.78839898341802406
Iowa St,Ohio St,0.63289766910783007
Iowa St,Oklahoma,0.66924305547887231
Iowa St,Old Dominion,0.80494482065639039
Iowa St,Oregon,0.56195781445154214
Iowa St,Prairie View,0.9678215063318697
Iowa St,Purdue,0.479594177631258
Iowa St,Seton Hall,0.60422202496149091
Iowa St,St John's,0.6995833072874994
Iowa St,St Louis,0.77273463692505417
Iowa St,St Mary's CA,0.70748056089966527
Iowa St,Syracuse,0.60904440333342935
Iowa St,Temple,0.67381639846634811
Iowa St,Tennessee,0.38376803432590212
Iowa St,Texas Tech,0.39184733676452188
Iowa St,UC Irvine,0.78566918967239796
Iowa St,UCF,0.64540582729981555
Iowa St,Utah St,0.62518491979159307
Iowa St,VA Commonwealth,0.69607894763465139
Iowa St,Vermont,0.80572660194822543
Iowa St,Villanova,0.42495362029241801
Iowa St,Virginia,0.26497572884920395
Iowa St,Virginia Tech,0.48621275576105272
Iowa St,Washington,0.62703443615320298
Iowa St,Wisconsin,0.56400386166293814
Iowa St,Wofford,0.826641226385191
Iowa St,Yale,0.86354089720518989
Kansas,Kansas St,0.56327842757178459
Kansas,Kentucky,0.41493437145102763
Kansas,Liberty,0.89113635753784881
Kansas,Louisville,0.61900209770578352
Kansas,LSU,0.54789596010573183
Kansas,Marquette,0.63985514569869417
Kansas,Maryland,0.61340260128447444
Kansas,Michigan,0.4248530840563095
Kansas,Michigan St,0.3745819950771091
Kansas,Minnesota,0.7391859006445608
Kansas,Mississippi,0.75841809120247894
Kansas,Mississippi St,0.63064028880346168
Kansas,Montana,0.90512100922104954
Kansas,Murray St,0.80300434433460732
Kansas,N Dakota St,0.94769082312812891
Kansas,N Kentucky,0.85101177884919055
Kansas,NC Central,0.98594171573202216
Kansas,Nevada,0.5489383110192837
Kansas,New Mexico St,0.72766078249034782
Kansas,North Carolina,0.34640601271535598
Kansas,Northeastern,0.81893733450102391
Kansas,Ohio St,0.67667447814360759
Kansas,Oklahoma,0.71066708431549364
Kansas,Old Dominion,0.83359926375446602
Kansas,Oregon,0.60896748470149187
Kansas,Prairie View,0.9733411105801425
Kansas,Purdue,0.52801910115895168
Kansas,Seton Hall,0.64952476832414985
Kansas,St John's,0.73869117471887091
Kansas,St Louis,0.80497444962816522
Kansas,St Mary's CA,0.74593373029568699
Kansas,Syracuse,0.65411114355599476
Kansas,Temple,0.71491165182075511
Kansas,Tennessee,0.43052179243625033
Kansas,Texas Tech,0.43888436624637051
Kansas,UC Irvine,0.81650981525727584
Kansas,UCF,0.6884253525272821
Kansas,Utah St,0.66940103668114237
Kansas,VA Commonwealth,0.73547051046408884
Kansas,Vermont,0.83428984102973713
Kansas,Villanova,0.47287464119356903
Kansas,Virginia,0.30440623865175109
Kansas,Virginia Tech,0.53461942681133445
Kansas,Washington,0.67114713606027221
Kansas,Wisconsin,0.61094597221355784
Kansas,Wofford,0.85269166296209442
Kansas,Yale,0.88481906083935136
Kansas St,Kentucky,0.35059751894096247
Kansas St,Liberty,0.86171302200111399
Kansas St,Louisville,0.55292714198771864
Kansas St,LSU,0.47985165654388773
Kansas St,Marquette,0.5749131213797789
Kansas St,Maryland,0.54706711404767416
Kansas St,Michigan,0.35992441633844929
Kansas St,Michigan St,0.31315300793589007
Kansas St,Minnesota,0.6832896955523855
Kansas St,Mississippi,0.70499867970371166
Kansas St,Mississippi St,0.56516584509376755
Kansas St,Montana,0.87896403239718568
Kansas St,Murray St,0.75627569994691368
Kansas St,N Dakota St,0.93239322033041028
Kansas St,N Kentucky,0.81301917070666474
Kansas St,NC Central,0.9816133974883805
Kansas St,Nevada,0.480902253295176
Kansas St,New Mexico St,0.67039595488513859
Kansas St,North Carolina,0.28747380479028928
Kansas St,Northeastern,0.77492878162189116
Kansas St,Ohio St,0.61437037612155199
Kansas St,Oklahoma,0.65154014344978417
Kansas St,Old Dominion,0.79225035313124892
Kansas St,Oregon,0.54243865428288907
Kansas St,Prairie View,0.96526992716867821
Kansas St,Purdue,0.45993205560773454
Kansas St,Seton Hall,0.5851960225028261
Kansas St,St John's,0.68273445048951098
Kansas St,St Louis,0.75857262429155248
Kansas St,St Mary's CA,0.69087891182989669
Kansas St,Syracuse,0.59009295418607266
Kansas St,Temple,0.65623252949022048
Kansas St,Tennessee,0.36527700381269412
Kansas St,Texas Tech,0.37320278079710545
Kansas St,UC Irvine,0.77207545119264009
Kansas St,UCF,0.62713790294975813
Kansas St,Utah St,0.60651038223168707
Kansas St,VA Commonwealth,0.67912369639284997
Kansas St,Vermont,0.79306993409799686
Kansas St,Villanova,0.40578489172934251
Kansas St,Virginia,0.24988741774725354
Kansas St,Virginia Tech,0.46652253847505387
Kansas St,Washington,0.60839432698518392
Kansas St,Wisconsin,0.54450197349801988
Kansas St,Wofford,0.81503432522328789
Kansas St,Yale,0.85396810301943071
Kentucky,Liberty,0.92312135765785042
Kentucky,Louisville,0.70442225105446865
Kentucky,LSU,0.63998622210870904
Kentucky,Marquette,0.72269449027443011
Kentucky,Maryland,0.69946865296727556
Kentucky,Michigan,0.52005153302528839
Kentucky,Michigan St,0.46767558399020381
Kentucky,Minnesota,0.80610118388056562
Kentucky,Mississippi,0.82159003934013308
Kentucky,Mississippi St,0.71465397317690749
Kentucky,Montana,0.93330472278105558
Kentucky,Murray St,0.85671991680156445
Kentucky,N Dakota St,0.96373585557070274
Kentucky,N Kentucky,0.8933751486302528
Kentucky,NC Central,0.99037306352572718
Kentucky,Nevada,0.64095538984381917
Kentucky,New Mexico St,0.79671981681400195
Kentucky,North Carolina,0.43739439882522657
Kentucky,Northeastern,0.8690170561426338
Kentucky,Ohio St,0.7542968636626125
Kentucky,Oklahoma,0.78274876988368103
Kentucky,Old Dominion,0.88021683128740558
Kentucky,Oregon,0.69553081211290402
Kentucky,Prairie View,0.98167048690358649
Kentucky,Purdue,0.62136010947103193
Kentucky,Seton Hall,0.7310747382655467
Kentucky,St John's,0.80570002239837057
Kentucky,St Louis,0.85824765572690997
Kentucky,St Mary's CA,0.81155911583520091
Kentucky,Syracuse,0.73502928714403604
Kentucky,Temple,0.78625393355120887
Kentucky,Tennessee,0.52582915942329866
Kentucky,Texas Tech,0.5343060718482836
Kentucky,UC Irvine,0.8671520410109701
Kentucky,UCF,0.76420966880164176
Kentucky,Utah St,0.74811961164324225
Kentucky,VA Commonwealth,0.80308509024425223
Kentucky,Vermont,0.88074161989845157
Kentucky,Villanova,0.56820300321712869
Kentucky,Virginia,0.39096172905148641
Kentucky,Virginia Tech,0.62757579097397542
Kentucky,Washington,0.74960546800934802
Kentucky,Wisconsin,0.69728903455996838
Kentucky,Wofford,0.89463651262189081
Kentucky,Yale,0.91849036328976319
Liberty,Louisville,0.17484518453728681
Liberty,LSU,0.1364832017102876
Liberty,Marquette,0.18812352623941775
Liberty,Maryland,0.17145543608441738
Liberty,Michigan,0.087874575906042751
Liberty,Michigan St,0.072453738450470984
Liberty,Minnesota,0.26987766517930412
Liberty,Mississippi,0.29049963920196042
Liberty,Mississippi St,0.18212440322879819
Liberty,Montana,0.5544041244649468
Liberty,Murray St,0.34710104470166503
Liberty,N Dakota St,0.70263382678469188
Liberty,N Kentucky,0.42692061337091369
Liberty,NC Central,0.90144644229946458
Liberty,Nevada,0.13697999986464549
Liberty,New Mexico St,0.25841972258763457
Liberty,North Carolina,0.064654413404705346
Liberty,Northeastern,0.37102536118962315
Liberty,Ohio St,0.21442528929275961
Liberty,Oklahoma,0.24262181624214618
Liberty,Old Dominion,0.39517007556192463
Liberty,Oregon,0.16882036272870948
Liberty,Prairie View,0.82644331168921781
Liberty,Purdue,0.12732826499899363
Liberty,Seton Hall,0.19465625948959708
Liberty,St John's,0.26937263213144857
Liberty,St Louis,0.34993954991307441
Liberty,St Mary's CA,0.27688955372627189
Liberty,Syracuse,0.19784386507633467
Liberty,Temple,0.24645207842174799
Liberty,Tennessee,0.089748676043574727
Liberty,Texas Tech,0.092567932789112017
Liberty,UC Irvine,0.36723267584342412
Liberty,UCF,0.22370281762397426
Liberty,Utah St,0.2089100989073619
Liberty,VA Commonwealth,0.2661143377322216
Liberty,Vermont,0.39636259651636563
Liberty,Villanova,0.10474376284276521
Liberty,Virginia,0.053993407274771643
Liberty,Virginia Tech,0.1303026722898607
Liberty,Washington,0.21021882018693061
Liberty,Wisconsin,0.16999050100254876
Liberty,Wofford,0.43018048776209783
Liberty,Yale,0.50047350078795505
Louisville,LSU,0.43043064929276431
Louisville,Marquette,0.52559462789645073
Louisville,Maryland,0.49734258417161614
Louisville,Michigan,0.31536621861661474
Louisville,Michigan St,0.27192516721164439
Louisville,Minnesota,0.63864182640769895
Louisville,Mississippi,0.66189687311446388
Louisville,Mississippi St,0.51566917262862877
Louisville,Montana,0.8560914197382834
Louisville,Murray St,0.71766549705643978
Louisville,N Dakota St,0.91868322768595978
Louisville,N Kentucky,0.78079260990130261
Louisville,NC Central,0.97764546693090237
Louisville,Nevada,0.43146279732264237
Louisville,New Mexico St,0.62492816776460247
Louisville,North Carolina,0.24840404947332229
Louisville,Northeastern,0.73825082862302815
Louisville,Ohio St,0.56617531822701173
Louisville,Oklahoma,0.60500382143416576
Louisville,Old Dominion,0.75751186460870557
Louisville,Oregon,0.49267720898637246
Louisville,Prairie View,0.9579261597819867
Louisville,Purdue,0.41094177997114778
Louisville,Seton Hall,0.53610791222018794
Louisville,St John's,0.6380497699355514
Louisville,St Louis,0.72019166803038315
Louisville,St Mary's CA,0.64674780864154857
Louisville,Syracuse,0.54112994142396265
Louisville,Temple,0.60994771059540354
Louisville,Tennessee,0.32038784663247155
Louisville,Texas Tech,0.3278427051389512
Louisville,UC Irvine,0.7350914690235697
Louisville,UCF,0.57944622929336709
Louisville,Utah St,0.558039656186605
Louisville,VA Commonwealth,0.63420293795100613
Louisville,Vermont,0.75842670260367751
Louisville,Villanova,0.35873116917269954
Louisville,Virginia,0.21438892022471745
Louisville,Virginia Tech,0.41737278054104343
Louisville,Washington,0.55998730753348447
Louisville,Wisconsin,0.49475591467099211
Louisville,Wofford,0.78306240648107051
Louisville,Yale,0.82730001120566576
LSU,Marquette,0.61345221626025181
LSU,Maryland,0.58631419243719418
LSU,Michigan,0.39752922605028629
LSU,Michigan St,0.34853202489514212
LSU,Minnesota,0.71684251500653007
LSU,Mississippi,0.73713638620319533
LSU,Mississippi St,0.60397991820282804
LSU,Montana,0.89497315484520135
LSU,Murray St,0.78453451573314426
LSU,N Dakota St,0.94180330499836951
LSU,N Kentucky,0.83612444199283287
LSU,NC Central,0.98428804632162059
LSU,Nevada,0.52086121895855519
LSU,New Mexico St,0.70472446481864859
LSU,North Carolina,0.3213088354814293
LSU,Northeastern,0.80159224372696636
LSU,Ohio St,0.65150066457942735
LSU,Oklahoma,0.68691535531226289
LSU,Old Dominion,0.81734545825527605
LSU,Oregon,0.58178019196849706
LSU,Prairie View,0.97024996222446436
LSU,Purdue,0.49982633317375491
LSU,Seton Hall,0.62341351571126058
LSU,St John's,0.71632167200725028
LSU,St Louis,0.78664025487515576
LSU,St Mary's CA,0.72395253692837436
LSU,Syracuse,0.62814596542328693
LSU,Temple,0.69135703648610236
LSU,Tennessee,0.40308886989534454
LSU,Texas Tech,0.41130343849626949
LSU,UC Irvine,0.7989892570338516
LSU,UCF,0.66371176523984277
LSU,Utah St,0.6439588877668988
LSU,VA Commonwealth,0.71293244506683973
LSU,Vermont,0.81808876999284752
LSU,Villanova,0.44485111665294375
LSU,Virginia,0.28104351817419293
LSU,Virginia Tech,0.50645239767926098
LSU,Washington,0.64576825436941587
LSU,Wisconsin,0.58380222375829915
LSU,Wofford,0.83794021932783758
LSU,Yale,0.87280494064304015
Marquette,Maryland,0.47645149343160065
Marquette,Michigan,0.2975935683835651
Marquette,Michigan St,0.25568636764899544
Marquette,Minnesota,0.61912598661766916
Marquette,Mississippi,0.64293477317541492
Marquette,Mississippi St,0.49476599623513728
Marquette,Montana,0.84547790373084553
Marquette,Murray St,0.70041546098589214
Marquette,N Dakota St,0.91221259828889134
Marquette,N Kentucky,0.76614269225001941
Marquette,NC Central,0.97574276275931726
Marquette,Nevada,0.41107589563128943
Marquette,New Mexico St,0.60512962642823798
Marquette,North Carolina,0.23312013673925946
Marquette,Northeastern,0.72177091164211649
Marquette,Ohio St,0.54553084083202508
Marquette,Oklahoma,0.58485222894912325
Marquette,Old Dominion,0.74182053752123756
Marquette,Oregon,0.47179814935222475
Marquette,Prairie View,0.95442329387645619
Marquette,Purdue,0.3908579076306945
Marquette,Seton Hall,0.51525763979799777
Marquette,St John's,0.61852105466580198
Marquette,St Louis,0.70303210866287613
Marquette,St Mary's CA,0.62741434623900127
Marquette,Syracuse,0.52030342034328925
Marquette,Temple,0.58987736317652484
Marquette,Tennessee,0.30245722179228673
Marquette,Texas Tech,0.3096849819950005
Marquette,UC Irvine,0.71848848742168181
Marquette,UCF,0.55894130981383228
Marquette,Utah St,0.53732440527219993
Marquette,VA Commonwealth,0.61459204030342052
Marquette,Vermont,0.74277447243909689
Marquette,Villanova,0.33972734659559045
Marquette,Virginia,0.20063920430662496
Marquette,Virginia Tech,0.39718653214852107
Marquette,Washington,0.53928797831101383
Marquette,Wisconsin,0.4738710463780591
Marquette,Wofford,0.76851920990185374
Marquette,Yale,0.81502189013882664
Maryland,Michigan,0.3226081747495666
Maryland,Michigan St,0.27857546481153361
Maryland,Minnesota,0.64629944734639944
Maryland,Mississippi,0.66931686020627668
Maryland,Mississippi St,0.52399040489316995
Maryland,Montana,0.86015008395077697
Maryland,Murray St,0.72437124701130073
Maryland,N Dakota St,0.92113922340191845
Maryland,N Kentucky,0.78644517851812723
Maryland,NC Central,0.97836257999432463
Maryland,Nevada,0.43965869931661494
Maryland,New Mexico St,0.63270926498169677
Maryland,North Carolina,0.25468032534937901
Maryland,Northeastern,0.74464162265372291
Maryland,Ohio St,0.57434507936146606
Maryland,Oklahoma,0.61294225200933938
Maryland,Old Dominion,0.76358298625031529
Maryland,Oregon,0.50101121906812152
Maryland,Prairie View,0.95924948297601897
Maryland,Purdue,0.41903517804491874
Maryland,Seton Hall,0.54438824713715361
Maryland,St John's,0.64571297714943943
Maryland,St Louis,0.72686025410957156
Maryland,St Mary's CA,0.65432662977688683
Maryland,Syracuse,0.54939597937650375
Maryland,Temple,0.6178495419734984
Maryland,Tennessee,0.32768992385546192
Maryland,Texas Tech,0.3352308793947697
Maryland,UC Irvine,0.74153239443660179
Maryland,UCF,0.58754813493022118
Maryland,Utah St,0.56624525109250579
Maryland,VA Commonwealth,0.64190188013355931
Maryland,Vermont,0.76448204091564853
Maryland,Villanova,0.36643595206730606
Maryland,Virginia,0.22005738892326132
Maryland,Virginia Tech,0.42550134597203559
Maryland,Washington,0.56818472313882906
Maryland,Wisconsin,0.50309021811526045
Maryland,Wofford,0.78867228679858847
Maryland,Yale,0.83201134369332086
Michigan,Michigan St,0.44167514655117524
Michigan,Minnesota,0.78917916882450001
Michigan,Mississippi,0.805693942404476
Michigan,Mississippi St,0.69279265178634586
Michigan,Montana,0.92647145513175644
Michigan,Murray St,0.84335708114044983
Michigan,N Dakota St,0.95988640645076551
Michigan,N Kentucky,0.88296390295623162
Michigan,NC Central,0.98931982648233219
Michigan,Nevada,0.61647788094720468
Michigan,New Mexico St,0.77920332434415107
Michigan,North Carolina,0.41177519995500333
Michigan,Northeastern,0.85660914259301224
Michigan,Ohio St,0.73434371720518676
Michigan,Oklahoma,0.76438442748293056
Michigan,Old Dominion,0.86870957691266326
Michigan,Oregon,0.67287502958020617
Michigan,Prairie View,0.97968467299212536
Michigan,Purdue,0.59638792611365843
Michigan,Seton Hall,0.70996089304234322
Michigan,St John's,0.78875217186414182
Michigan,St Louis,0.8450015246269782
Michigan,St Mary's CA,0.79499228812840994
Michigan,Syracuse,0.7141045046011385
Michigan,Temple,0.76809810261226164
Michigan,Tennessee,0.49963015478010087
Michigan,Texas Tech,0.50813732195304606
Michigan,UC Irvine,0.8545970164857607
Michigan,UCF,0.74478915815715818
Michigan,Utah St,0.72784581663157111
Michigan,VA Commonwealth,0.78596974222096905
Michigan,Vermont,0.86927729334835391
Michigan,Villanova,0.54230737594991063
Michigan,Virginia,0.36629152397958731
Michigan,Virginia Tech,0.60275146391106449
Michigan,Washington,0.72940801173733127
Michigan,Wisconsin,0.67470289368796288
Michigan,Wofford,0.88433248481883786
Michigan,Yale,0.91028519030971167
Michigan St,Minnesota,0.81690672002002818
Michigan St,Mississippi,0.83171261614957293
Michigan St,Mississippi St,0.72884139743612142
Michigan St,Montana,0.93757049545776927
Michigan St,Murray St,0.86517638806734432
Michigan St,N Dakota St,0.96612592140817677
Michigan St,N Kentucky,0.89992092984465211
Michigan St,NC Central,0.99102389856736128
Michigan St,Nevada,0.65704867283432866
Michigan St,New Mexico St,0.80792358263037678
Michigan St,North Carolina,0.45485151036738458
Michigan St,Northeastern,0.87685207006858779
Michigan St,Ohio St,0.76715543626060301
Michigan St,Oklahoma,0.7945239602486136
Michigan St,Old Dominion,0.88746865965509592
Michigan St,Oregon,0.71028359069903146
Michigan St,Prairie View,0.98289950630735401
Michigan St,Purdue,0.63783542325715559
Michigan St,Seton Hall,0.74473734046540685
Michigan St,St John's,0.81652282592771497
Michigan St,St Louis,0.86662799610985575
Michigan St,St Mary's CA,0.82212760874398172
Michigan St,Syracuse,0.74856007954542525
Michigan St,Temple,0.79788819624278573
Michigan St,Tennessee,0.54340671744229119
Michigan St,Texas Tech,0.55183721578540434
Michigan St,UC Irvine,0.87508257842584092
Michigan St,UCF,0.77670304139731283
Michigan St,Utah St,0.761199117125679
Michigan St,VA Commonwealth,0.81401992769849096
Michigan St,Vermont,0.88796572075486424
Michigan St,Villanova,0.5854481440374848
Michigan St,Virginia,0.40790927655752174
Michigan St,Virginia Tech,0.64393563108440577
Michigan St,Washington,0.76263229749551442
Michigan St,Wisconsin,0.71199189715060796
Michigan St,Wofford,0.90111342904018654
Michigan St,Yale,0.92362611304961295
Minnesota,Mississippi,0.50948971176076663
Minnesota,Mississippi St,0.36098346455658559
Minnesota,Montana,0.75940195266863852
Minnesota,Murray St,0.57422631129905422
Minnesota,N Dakota St,0.85702455578709746
Minnesota,N Kentucky,0.65396092567444575
Minnesota,NC Central,0.95868443165954353
Minnesota,Nevada,0.28706514750307011
Minnesota,New Mexico St,0.46921990869208108
Minnesota,North Carolina,0.14919387768011605
Minnesota,Northeastern,0.59943261459455188
Minnesota,Ohio St,0.40913748445613307
Minnesota,Oklahoma,0.4483259828761863
Minnesota,Old Dominion,0.62370193206765723
Minnesota,Oregon,0.34004612912669407
Minnesota,Prairie View,0.92354725451599751
Minnesota,Purdue,0.27014858034297162
Minnesota,Seton Hall,0.38010280710410227
Minnesota,St John's,0.48328477467080722
Minnesota,St Louis,0.57727993823924395
Minnesota,St Mary's CA,0.49274521136456684
Minnesota,Syracuse,0.38487591340243188
Minnesota,Temple,0.45345937142696047
Minnesota,Tennessee,0.20008144793892313
Minnesota,Texas Tech,0.20558378733983385
Minnesota,UC Irvine,0.59551572633152561
Minnesota,UCF,0.42231070210480481
Minnesota,Utah St,0.40117166839556351
Minnesota,VA Commonwealth,0.47913584538301934
Minnesota,Vermont,0.62487160074454551
Minnesota,Villanova,0.22887563522370058
Minnesota,Virginia,0.12647793652778871
Minnesota,Virginia Tech,0.2754063877123113
Minnesota,Washington,0.40307114424802692
Minnesota,Wisconsin,0.34191487052176539
Minnesota,Wofford,0.65696703027280801
Minnesota,Yale,0.71764625774038482
Mississippi,Mississippi St,0.35287388590453395
Mississippi,Montana,0.75288733751327253
Mississippi,Murray St,0.56556609262333368
Mississippi,N Dakota St,0.85264031907966409
Mississippi,N Kentucky,0.64592247754992937
Mississippi,NC Central,0.95726206601310604
Mississippi,Nevada,0.27988882288310035
Mississippi,New Mexico St,0.46043078349622524
Mississippi,North Carolina,0.14476433530280786
Mississippi,Northeastern,0.59091984585201518
Mississippi,Ohio St,0.40062433152304799
Mississippi,Oklahoma,0.43960408645597948
Mississippi,Old Dominion,0.61537398805077848
Mississippi,Oregon,0.33216241719831818
Mississippi,Prairie View,0.92101488888425265
Mississippi,Purdue,0.26323900476984075
Mississippi,Seton Hall,0.37181362568533027
Mississippi,St John's,0.47446769867938487
Mississippi,St Louis,0.56863517203973435
Mississippi,St Mary's CA,0.48391717994490935
Mississippi,Syracuse,0.37654586940994839
Mississippi,Temple,0.44471811331127642
Mississippi,Tennessee,0.19448642668942728
Mississippi,Texas Tech,0.19987334624311603
Mississippi,UC Irvine,0.58697707161329782
Mississippi,UCF,0.4137153701908487
Mississippi,Utah St,0.39271410020558983
Mississippi,VA Commonwealth,0.47032556498580858
Mississippi,Vermont,0.61655362833174887
Mississippi,Villanova,0.22269958931507783
Mississippi,Virginia,0.12262562167632673
Mississippi,Virginia Tech,0.26841178965582668
Mississippi,Washington,0.39459991882083312
Mississippi,Wisconsin,0.33400976066772781
Mississippi,Wofford,0.64896092884726042
Mississippi,Yale,0.71043214663091825
Mississippi St,Montana,0.85285923888617665
Mississippi St,Murray St,0.71236885669651073
Mississippi St,N Dakota St,0.916720100253406
Mississippi St,N Kentucky,0.77631111812908637
Mississippi St,NC Central,0.97707026146527776
Mississippi St,Nevada,0.42509807252375753
Mississippi St,New Mexico St,0.618815828246705
Mississippi St,North Carolina,0.24358276678153179
Mississippi St,Northeastern,0.73319680248296526
Mississippi St,Ohio St,0.55977998425963471
Mississippi St,Oklahoma,0.59877525154531974
Mississippi St,Old Dominion,0.75270516484467742
Mississippi St,Oregon,0.48618167935227175
Mississippi St,Prairie View,0.95686594255533641
Mississippi St,Purdue,0.40466430878093151
Mississippi St,Seton Hall,0.5296375684669361
Mississippi St,St John's,0.63202535379456082
Mississippi St,St Louis,0.71492359388984916
Mississippi St,St Mary's CA,0.64078666025203224
Mississippi St,Syracuse,0.53466884525009872
Mississippi St,Temple,0.60374603946596239
Mississippi St,Tennessee,0.31475452274181592
Mississippi St,Texas Tech,0.32214043531667969
Mississippi St,UC Irvine,0.72999875057149266
Mississippi St,UCF,0.57309902023061232
Mississippi St,Utah St,0.55161936957102731
Mississippi St,VA Commonwealth,0.62815180864205011
Mississippi St,Vermont,0.75363223926630851
Mississippi St,Villanova,0.35277361725675949
Mississippi St,Virginia,0.21004333657371199
Mississippi St,Virginia Tech,0.4110656250589948
Mississippi St,Washington,0.55357267978461444
Mississippi St,Wisconsin,0.488259355215514
Mississippi St,Wofford,0.77861416124269045
Mississippi St,Yale,0.8235544557059622
Montana,Murray St,0.30526549895493749
Montana,N Dakota St,0.66135315684901697
Montana,N Kentucky,0.38107978652771335
Montana,NC Central,0.88317631958720066
Montana,Nevada,0.11597154773216845
Montana,New Mexico St,0.22361204092565878
Montana,North Carolina,0.054043815726040445
Montana,Northeastern,0.32775379581456765
Montana,Ohio St,0.18407252761509674
Montana,Oklahoma,0.20934133997556048
Montana,Old Dominion,0.35065245934153777
Montana,Oregon,0.14374194392235073
Montana,Prairie View,0.79739398621833812
Montana,Purdue,0.10761550249723995
Montana,Seton Hall,0.1665087435873186
Montana,St John's,0.23355428668469802
Montana,St Louis,0.30792323607649608
Montana,St Mary's CA,0.24040056250956821
Montana,Syracuse,0.16933233365773603
Montana,Temple,0.2127938207641823
Montana,Tennessee,0.075351565457819736
Montana,Texas Tech,0.077757201970703238
Montana,UC Irvine,0.3241754619446422
Montana,UCF,0.19235835639236487
Montana,Utah St,0.17915998695022561
Montana,VA Commonwealth,0.23059250732041503
Montana,Vermont,0.35178877571031764
Montana,Villanova,0.088174213657840284
Montana,Virginia,0.045048149493499112
Montana,Virginia Tech,0.1101875606924182
Montana,Washington,0.18032482019117468
Montana,Wisconsin,0.14476853262077072
Montana,Wofford,0.38422431026529769
Montana,Yale,0.45297751373786643
Murray St,N Dakota St,0.82207171338347229
Murray St,N Kentucky,0.59294402066254048
Murray St,NC Central,0.94704860244380618
Murray St,Nevada,0.23685001603718858
Murray St,New Mexico St,0.40525340203786231
Murray St,North Carolina,0.1190681496826701
Murray St,Northeastern,0.53562824848719093
Murray St,Ohio St,0.3479916828583155
Murray St,Oklahoma,0.38514103112919396
Murray St,Old Dominion,0.56093175489731784
Murray St,Oregon,0.28425844900984487
Murray St,Prairie View,0.90301672182278192
Murray St,Purdue,0.22197126881655793
Murray St,Seton Hall,0.32093930000770121
Murray St,St John's,0.41891416228517342
Murray St,St Louis,0.51281482227271646
Murray St,St Mary's CA,0.42815864296618422
Murray St,Syracuse,0.32535940583132494
Murray St,Temple,0.39006247929470439
Murray St,Tennessee,0.16163240430103887
Murray St,Texas Tech,0.16629719487663952
Murray St,UC Irvine,0.53157500487443921
Murray St,UCF,0.3603969932631863
Murray St,Utah St,0.34053024701214241
Murray St,VA Commonwealth,0.41487414914751075
Murray St,Vermont,0.56215956645834386
Murray St,Villanova,0.18618117463816752
Murray St,Virginia,0.10039782125781893
Murray St,Virginia Tech,0.22658251417557695
Murray St,Washington,0.34230672586853883
Murray St,Wisconsin,0.28595344705681569
Murray St,Wofford,0.59615285382313488
Murray St,Yale,0.66205589067974457
N Dakota St,N Kentucky,0.24799819768587528
N Dakota St,NC Central,0.80194725106218667
N Dakota St,Nevada,0.065651195804197648
N Dakota St,New Mexico St,0.13364712258168232
N Dakota St,North Carolina,0.029691571486914481
N Dakota St,Northeastern,0.20706449310077457
N Dakota St,Ohio St,0.10780648330312192
N Dakota St,Oklahoma,0.12419942624320379
N Dakota St,Old Dominion,0.22434511512173971
N Dakota St,Oregon,0.082496403429716203
N Dakota St,Prairie View,0.6782488812996007
N Dakota St,Purdue,0.060672022865643549
N Dakota St,Seton Hall,0.096657756762570268
N Dakota St,St John's,0.14031224701467748
N Dakota St,St Louis,0.19244574037213835
N Dakota St,St Mary's CA,0.14494216168551477
N Dakota St,Syracuse,0.098436733284619216
N Dakota St,Temple,0.1264723455860608
N Dakota St,Tennessee,0.041822501465347939
N Dakota St,Texas Tech,0.043207725824445209
N Dakota St,UC Irvine,0.20440316848306983
N Dakota St,UCF,0.11313529684851276
N Dakota St,Utah St,0.10466823330720287
N Dakota St,VA Commonwealth,0.13831950861772446
N Dakota St,Vermont,0.22521408387850284
N Dakota St,Villanova,0.04924333961310623
N Dakota St,Virginia,0.02464376960889092
N Dakota St,Virginia Tech,0.06220031380403257
N Dakota St,Washington,0.10541094356782543
N Dakota St,Wisconsin,0.083128048332086535
N Dakota St,Wofford,0.25048902115044169
N Dakota St,Yale,0.3072522074570031
N Kentucky,NC Central,0.92056855019178263
N Kentucky,Nevada,0.16743635649961708
N Kentucky,New Mexico St,0.30629422896784808
N Kentucky,North Carolina,0.080530334343021259
N Kentucky,Northeastern,0.42772873285617685
N Kentucky,Ohio St,0.25697371796940072
N Kentucky,Oklahoma,0.28870903370732537
N Kentucky,Old Dominion,0.45290638765567481
N Kentucky,Oregon,0.20467717055896417
N Kentucky,Prairie View,0.85782283046193286
N Kentucky,Purdue,0.15602661438508003
N Kentucky,Seton Hall,0.23445265811046301
N Kentucky,St John's,0.31840503632402128
N Kentucky,St Louis,0.40549795002969957
N Kentucky,St Mary's CA,0.3266784428118874
N Kentucky,Syracuse,0.23809928089055643
N Kentucky,Temple,0.29298541599366779
N Kentucky,Tennessee,0.11105489276761238
N Kentucky,Texas Tech,0.11445927793324995
N Kentucky,UC Irvine,0.42374691987827329
N Kentucky,UCF,0.26746540012818754
N Kentucky,Utah St,0.25071341532611902
N Kentucky,VA Commonwealth,0.31480920012264213
N Kentucky,Vermont,0.45414231715977527
N Kentucky,Villanova,0.12910488948957677
N Kentucky,Virginia,0.067440262881332425
N Kentucky,Virginia Tech,0.15954885191027979
N Kentucky,Washington,0.25220052732071541
N Kentucky,Wisconsin,0.20603423501061779
N Kentucky,Wofford,0.48889727078320788
N Kentucky,Yale,0.55936629343873556
NC Central,Nevada,0.017481520205452128
NC Central,New Mexico St,0.037594786242178935
NC Central,North Carolina,0.0076891086976095258
NC Central,Northeastern,0.062024614236688258
NC Central,Ohio St,0.029689402206973137
NC Central,Oklahoma,0.034665468043491243
NC Central,Old Dominion,0.068242634199792596
NC Central,Oregon,0.022261519760883752
NC Central,Prairie View,0.34802206555985327
NC Central,Purdue,0.016092749107796012
NC Central,Seton Hall,0.026380233570567624
NC Central,St John's,0.039689127146576908
NC Central,St Louis,0.056910742344894572
NC Central,St Mary's CA,0.041157717394254778
NC Central,Syracuse,0.026904282084976083
NC Central,Temple,0.035366031365093531
NC Central,Tennessee,0.010931886155661985
NC Central,Texas Tech,0.011306039332211193
NC Central,UC Irvine,0.061083829932175537
NC Central,UCF,0.031292361347258435
NC Central,Utah St,0.028751861104321819
NC Central,VA Commonwealth,0.039060524751713288
NC Central,Vermont,0.068560406694854747
NC Central,Villanova,0.012945655580452575
NC Central,Virginia,0.0063573913382140024
NC Central,Virginia Tech,0.016517861923071919
NC Central,Washington,0.028973312324144684
NC Central,Wisconsin,0.022443249532926979
NC Central,Wofford,0.078025153481065646
NC Central,Yale,0.10097136929488637
Nevada,New Mexico St,0.6762776171056033
Nevada,North Carolina,0.29298219369319345
Nevada,Northeastern,0.77955846388252625
Nevada,Ohio St,0.6206861265465623
Nevada,Oklahoma,0.65758642161406522
Nevada,Old Dominion,0.79661724593673944
Nevada,Oregon,0.54906780419333179
Nevada,Prairie View,0.96615531831705237
Nevada,Purdue,0.46658108204079984
Nevada,Seton Hall,0.59167201705903105
Nevada,St John's,0.68849824229603507
Nevada,St Louis,0.7634360435109846
Nevada,St Mary's CA,0.69656050341598619
Nevada,Syracuse,0.59654520551767787
Nevada,Temple,0.66223959621164741
Nevada,Tennessee,0.3714989224051175
Nevada,Texas Tech,0.37947898880453301
Nevada,UC Irvine,0.77674691700508258
Nevada,UCF,0.63336933412980478
Nevada,Utah St,0.61287374715073883
Nevada,VA Commonwealth,0.68492281258471088
Nevada,Vermont,0.79742400436821603
Nevada,Villanova,0.41224865541898736
Nevada,Virginia,0.25493328149843564
Nevada,Virginia Tech,0.47318336428898811
Nevada,Washington,0.614746577647729
Nevada,Wisconsin,0.55112596713467976
Nevada,Wofford,0.81903169553693556
Nevada,Yale,0.85727140744121322
New Mexico St,North Carolina,0.16474668171330298
New Mexico St,Northeastern,0.62731451286613604
New Mexico St,Ohio St,0.43784306482397384
New Mexico St,Oklahoma,0.47755880932605954
New Mexico St,Old Dominion,0.65087841656457712
New Mexico St,Oregon,0.36691440244318618
New Mexico St,Prairie View,0.93144882654553607
New Mexico St,Purdue,0.29395396463554746
New Mexico St,Seton Hall,0.40817855063818009
New Mexico St,St John's,0.51267872612767862
New Mexico St,St Louis,0.60568948541497503
New Mexico St,St Mary's CA,0.52213312964376413
New Mexico St,Syracuse,0.41306928765769713
New Mexico St,Temple,0.48273402613010485
New Mexico St,Tennessee,0.21957003029259881
New Mexico St,Texas Tech,0.22545725896420665
New Mexico St,UC Irvine,0.62349902023995307
New Mexico St,UCF,0.45123469344555389
New Mexico St,Utah St,0.4297248301462645
New Mexico St,VA Commonwealth,0.50852579745505189
New Mexico St,Vermont,0.65201074270704673
New Mexico St,Villanova,0.25029130199362259
New Mexico St,Virginia,0.14005251002093655
New Mexico St,Virginia Tech,0.29948497227593729
New Mexico St,Washington,0.43166204618858273
New Mexico St,Wisconsin,0.36884827489153005
New Mexico St,Wofford,0.6829622803170583
New Mexico St,Yale,0.74085701795282877
North Carolina,Northeastern,0.89038492645173872
North Carolina,Ohio St,0.78985395182097984
North Carolina,Oklahoma,0.81519719427006876
North Carolina,Old Dominion,0.89996794231522692
North Carolina,Oregon,0.7366228047514437
North Carolina,Prairie View,0.98497834067094758
North Carolina,Purdue,0.66767953033599226
North Carolina,Seton Hall,0.76896309686079856
North Carolina,St John's,0.83544114119659807
North Carolina,St Louis,0.88113207811509686
North Carolina,St Mary's CA,0.84058084711240011
North Carolina,Syracuse,0.77253384793354551
North Carolina,Temple,0.81830035683215341
North Carolina,Tennessee,0.57585781109676704
North Carolina,Texas Tech,0.58414766471492174
North Carolina,UC Irvine,0.88878522305440977
North Carolina,UCF,0.79871502704985886
North Carolina,Utah St,0.7843150286094217
North Carolina,VA Commonwealth,0.83314357924594895
North Carolina,Vermont,0.90041598819152191
North Carolina,Villanova,0.61701713084744525
North Carolina,Virginia,0.44006750498232339
North Carolina,Virginia Tech,0.67353434353170738
North Carolina,Washington,0.78564854366774317
North Carolina,Wisconsin,0.73823303982716371
North Carolina,Wofford,0.91224699578549484
North Carolina,Yale,0.93241509857706728
Northeastern,Ohio St,0.32728105488783299
Northeastern,Oklahoma,0.36345192041087737
Northeastern,Old Dominion,0.53800525226601381
Northeastern,Oregon,0.26579462350017091
Northeastern,Prairie View,0.894596119929008
Northeastern,Purdue,0.20638663939616464
Northeastern,Seton Hall,0.30109518768585197
Northeastern,St John's,0.3965497623385319
Northeastern,St Louis,0.48966170494668904
Northeastern,St Mary's CA,0.40564523675001274
Northeastern,Syracuse,0.30536489238909337
Northeastern,Temple,0.36826221416155513
Northeastern,Tennessee,0.14947030176658449
Northeastern,Texas Tech,0.15384850073891787
Northeastern,UC Irvine,0.50845887333321804
Northeastern,UCF,0.33933230806607095
Northeastern,Utah St,0.32004570981725822
Northeastern,VA Commonwealth,0.39257971731191499
Northeastern,Vermont,0.53924451347998026
Northeastern,Villanova,0.17255207450993371
Northeastern,Virginia,0.09233586929326576
Northeastern,Virginia Tech,0.21076183163011086
Northeastern,Washington,0.32176746570782111
Northeastern,Wisconsin,0.26742065948263072
Northeastern,Wofford,0.57366765921786211
Northeastern,Yale,0.64103055787421759
Ohio St,Oklahoma,0.54375964689032474
Ohio St,Old Dominion,0.70852173503357263
Ohio St,Oregon,0.43041347661890605
Ohio St,Prairie View,0.9465700436258605
Ohio St,Purdue,0.35184375300012727
Ohio St,Seton Hall,0.47347801486712704
Ohio St,St John's,0.57835849031848863
Ohio St,St Louis,0.66697642581102068
Ohio St,St Mary's CA,0.58756374616983487
Ohio St,Syracuse,0.47851854232827484
Ohio St,Temple,0.54889853297666491
Ohio St,Tennessee,0.26837926474576923
Ohio St,Texas Tech,0.27511385554278367
Ohio St,UC Irvine,0.68346447856672521
Ohio St,UCF,0.51740032162621052
Ohio St,Utah St,0.49558480198326715
Ohio St,VA Commonwealth,0.57430052171833412
Ohio St,Vermont,0.70955053179808991
Ohio St,Villanova,0.30327588590679067
Ohio St,Virginia,0.17515253839800671
Ohio St,Virginia Tech,0.35791184259431652
Ohio St,Washington,0.49755987539678836
Ohio St,Wisconsin,0.43245341322017095
Ohio St,Wofford,0.73744512069438772
Ohio St,Yale,0.78847214015682876
Oklahoma,Old Dominion,0.66897371997254607
Oklahoma,Oregon,0.38584000894752546
Oklahoma,Prairie View,0.9364223800174426
Oklahoma,Purdue,0.31096474705442334
Oklahoma,Seton Hall,0.42779434282641893
Oklahoma,St John's,0.53279538920080505
Oklahoma,St Louis,0.62477673356661878
Oklahoma,St Mary's CA,0.54220800998666852
Oklahoma,Syracuse,0.43274825354228696
Oklahoma,Temple,0.50288822267506184
Oklahoma,Tennessee,0.23370109203374501
Oklahoma,Texas Tech,0.23985076554212748
Oklahoma,UC Irvine,0.64223339078033148
Oklahoma,UCF,0.47127195448865145
Oklahoma,Utah St,0.44958947053988718
Oklahoma,VA Commonwealth,0.52865628242920137
Oklahoma,Vermont,0.67007710563788403
Oklahoma,Villanova,0.26572632360938142
Oklahoma,Virginia,0.15004992771230052
Oklahoma,Virginia Tech,0.31667227021383915
Oklahoma,Washington,0.45154533078131709
Oklahoma,Wisconsin,0.38781252701836411
Oklahoma,Wofford,0.70016070961260213
Oklahoma,Yale,0.75603669174005406
Old Dominion,Oregon,0.23669587090213573
Old Dominion,Prairie View,0.87908112340980504
Old Dominion,Purdue,0.18217796806648323
Old Dominion,Seton Hall,0.269550625470105
Old Dominion,St John's,0.36015818487245999
Old Dominion,St Louis,0.45111301321562447
Old Dominion,St Mary's CA,0.36892926830990869
Old Dominion,Syracuse,0.27354808900433669
Old Dominion,Temple,0.33303393181746277
Old Dominion,Tennessee,0.13083713623507021
Old Dominion,Texas Tech,0.13475601720410357
Old Dominion,UC Irvine,0.46979261271969763
Old Dominion,UCF,0.30553303405565635
Old Dominion,Utah St,0.28733199682784039
Old Dominion,VA Commonwealth,0.35633733426586511
Old Dominion,Vermont,0.50062150110547066
Old Dominion,Villanova,0.15155422370589733
Old Dominion,Virginia,0.080153937474193637
Old Dominion,Virginia Tech,0.18616034333418729
Old Dominion,Washington,0.28895255088562966
Old Dominion,Wisconsin,0.23820164563423807
Old Dominion,Wofford,0.53544431180645979
Old Dominion,Yale,0.60468488426107625
Oregon,Prairie View,0.95964985695372274
Oregon,Purdue,0.42154250590136488
Oregon,Seton Hall,0.5469395036554564
Oregon,St John's,0.64806365343644967
Oregon,St Louis,0.72889857200344643
Oregon,St Mary's CA,0.65665054429506875
Oregon,Syracuse,0.55194227390946571
Oregon,Temple,0.62027637300634952
Oregon,Tennessee,0.32996110769707676
Oregon,Texas Tech,0.3375280892734992
Oregon,UC Irvine,0.74349985903532989
Oregon,UCF,0.59003971260723276
Oregon,Utah St,0.56877106677326483
Oregon,VA Commonwealth,0.64426391205643074
Oregon,Vermont,0.76632986104831113
Oregon,Villanova,0.36882835731229746
Oregon,Virginia,0.22182872244977681
Oregon,Virginia Tech,0.42801885964388875
Oregon,Washington,0.57070780727622505
Oregon,Wisconsin,0.50566273606040835
Oregon,Wofford,0.79038235569045545
Oregon,Yale,0.83344477439101872
Prairie View,Purdue,0.029793484846066254
Prairie View,Seton Hall,0.048408417332281073
Prairie View,St John's,0.072008649854653606
Prairie View,St Louis,0.10176795243992409
Prairie View,St Mary's CA,0.074580261249895252
Prairie View,Syracuse,0.049347880593147764
Prairie View,Temple,0.064401270913061359
Prairie View,Tennessee,0.020329649989650478
Prairie View,Texas Tech,0.021018614404095359
Prairie View,UC Irvine,0.10885063810625129
Prairie View,UCF,0.057181400979911978
Prairie View,Utah St,0.052653317396484156
Prairie View,VA Commonwealth,0.070905961494086345
Prairie View,Vermont,0.12141774329027244
Prairie View,Villanova,0.024032523058311606
Prairie View,Virginia,0.011869814826434122
Prairie View,Virginia Tech,0.030569277321940702
Prairie View,Washington,0.053048806282608219
Prairie View,Wisconsin,0.041323480000052148
Prairie View,Wofford,0.13710534225954896
Prairie View,Yale,0.17414452121746482
Purdue,Seton Hall,0.62804095426627482
Purdue,St John's,0.72031964063613152
Purdue,St Louis,0.78993781982059952
Purdue,St Mary's CA,0.72788381523474188
Purdue,Syracuse,0.63274950924603013
Purdue,Temple,0.69555730702823104
Purdue,Tennessee,0.407852086509643
Purdue,Texas Tech,0.41609605930157756
Purdue,UC Irvine,0.8021439678700566
Purdue,UCF,0.66810764782172005
Purdue,Utah St,0.6484762214481905
Purdue,VA Commonwealth,0.71695930554929221
Purdue,Vermont,0.82101087883888535
Purdue,Villanova,0.44973601015763698
Purdue,Virginia,0.28505326160834876
Purdue,Virginia Tech,0.51139061004508957
Purdue,Washington,0.65027509882847079
Purdue,Wisconsin,0.58859519067688382
Purdue,Wofford,0.84060557690214055
Purdue,Yale,0.87498243754196103
Seton Hall,St John's,0.59479714291708907
Seton Hall,St Louis,0.68186059348692796
Seton Hall,St Mary's CA,0.60388930884794623
Seton Hall,Syracuse,0.49545396997015678
Seton Hall,Temple,0.5656231189693679
Seton Hall,Tennessee,0.28189786664289695
Seton Hall,Texas Tech,0.28883776216234591
Seton Hall,UC Irvine,0.69794545752751902
Seton Hall,UCF,0.53430191877701816
Seton Hall,Utah St,0.51253059682999569
Seton Hall,VA Commonwealth,0.59078544339555572
Seton Hall,Vermont,0.72332122423043876
Seton Hall,Villanova,0.31778875758444336
Seton Hall,Virginia,0.18516367575004677
Seton Hall,Virginia Tech,0.37363713302051127
Seton Hall,Washington,0.5145043194393446
Seton Hall,Wisconsin,0.44916275080141199
Seton Hall,Wofford,0.75035859005437611
Seton Hall,Yale,0.79955805562553506
St John's,St Louis,0.59506760589232566
St John's,St Mary's CA,0.51107732789382543
St John's,Syracuse,0.40237829369369138
St John's,Temple,0.47168900953859749
St John's,Tennessee,0.21207755447937326
St John's,Texas Tech,0.21781996042810559
St John's,UC Irvine,0.61305039881138734
St John's,UCF,0.44029691815198513
St John's,Utah St,0.41891043229790237
St John's,VA Commonwealth,0.49745818329278146
St John's,Vermont,0.64189892596106601
St John's,Villanova,0.24207568063389284
St John's,Virginia,0.13480475155651062
St John's,Virginia Tech,0.29027981941388914
St John's,Washington,0.42083487297836819
St John's,Wisconsin,0.35860252337348508
St John's,Wofford,0.67329919673081395
St John's,Yale,0.73226677424138809
St Louis,St Mary's CA,0.41575428085105159
St Louis,Syracuse,0.31429637834857049
St Louis,Temple,0.37803218446714448
St Louis,Tennessee,0.15485861028437098
St Louis,Texas Tech,0.15936506743306611
St Louis,UC Irvine,0.51889322512948066
St Louis,UCF,0.34875848228638606
St Louis,Utah St,0.32920308978901813
St Louis,VA Commonwealth,0.40258370375594377
St Louis,Vermont,0.54960423788241797
St Louis,Villanova,0.17859774188210031
St Louis,Virginia,0.095896743626161629
St Louis,Virginia Tech,0.21779387191050004
St Louis,Washington,0.33095013176996035
St Louis,Wisconsin,0.27568278774383981
St Louis,Wofford,0.58385070512530024
St Louis,Yale,0.65058463842647085
St Mary's CA,Syracuse,0.39603768797534566
St Mary's CA,Temple,0.46510622461812734
St Mary's CA,Tennessee,0.20769351677225778
St Mary's CA,Texas Tech,0.21334935912849518
St Mary's CA,UC Irvine,0.6067605585771636
St Mary's CA,UCF,0.433792512504803
St Mary's CA,Utah St,0.41248912505589874
St Mary's CA,VA Commonwealth,0.49084989807791646
St Mary's CA,Vermont,0.63579943447764153
St Mary's CA,Villanova,0.23725825474475082
St Mary's CA,Virginia,0.13175098479210623
St Mary's CA,Virginia Tech,0.28486365223815346
St Mary's CA,Washington,0.41440510401254194
St Mary's CA,Wisconsin,0.35254480011935119
St Mary's CA,Wofford,0.66745746424916197
St Mary's CA,Yale,0.72705199879855154
Syracuse,Temple,0.57914398164408243
Syracuse,Tennessee,0.29321465086475729
Syracuse,Texas Tech,0.30031663455566238
Syracuse,UC Irvine,0.70946317391984626
Syracuse,UCF,0.54801866004037847
Syracuse,Utah St,0.52632009511692623
Syracuse,VA Commonwealth,0.60407132713415712
Syracuse,Vermont,0.73423977261303786
Syracuse,Villanova,0.32988448277316884
Syracuse,Virginia,0.19364426792035605
Syracuse,Virginia Tech,0.38665378895128277
Syracuse,Washington,0.5282893710032317
Syracuse,Wisconsin,0.46286620086864105
Syracuse,Wofford,0.76056335903409178
Syracuse,Yale,0.80826556266138128
Temple,Tennessee,0.23434859972470479
Temple,Texas Tech,0.24050996417470527
Temple,UC Irvine,0.64306293137281534
Temple,UCF,0.47217210895157002
Temple,Utah St,0.4504834961918881
Temple,VA Commonwealth,0.52955626519937471
Temple,Vermont,0.6708751711333687
Temple,Villanova,0.26643171188357673
Temple,Virginia,0.15051118852737699
Temple,Virginia Tech,0.31745442876357854
Temple,Washington,0.45244004871074828
Temple,Wisconsin,0.38867045400264277
Temple,Wofford,0.7009184848627642
Temple,Yale,0.75670232335806875
Tennessee,Texas Tech,0.49046776541939607
Tennessee,UC Irvine,0.84559156953594816
Tennessee,UCF,0.73112255412998683
Tennessee,Utah St,0.71362076655627826
Tennessee,VA Commonwealth,0.77383873258005553
Tennessee,Vermont,0.86103321244542597
Tennessee,Villanova,0.52471718666514944
Tennessee,Virginia,0.35004413309802518
Tennessee,Virginia Tech,0.58570964328796249
Tennessee,Washington,0.7152326684081356
Tennessee,Wisconsin,0.65900151024004927
Tennessee,Wofford,0.87690341436660846
Tennessee,Yale,0.90434269993059946
Texas Tech,UC Irvine,0.84788349926081441
Texas Tech,UCF,0.73458025748494093
Texas Tech,Utah St,0.71721648677121563
Texas Tech,VA Commonwealth,0.77691472803187134
Texas Tech,Vermont,0.86313303628922444
Texas Tech,Villanova,0.52911969454687391
Texas Tech,Virginia,0.35407288612231214
Texas Tech,Virginia Tech,0.58998864621764646
Texas Tech,Washington,0.71881612445142107
Texas Tech,Wisconsin,0.66295912313291117
Texas Tech,Wofford,0.87879719108110788
Texas Tech,Yale,0.9058596564830077
UC Irvine,UCF,0.33114186345029284
UC Irvine,Utah St,0.31210087227779348
UC Irvine,VA Commonwealth,0.38385076697777398
UC Irvine,Vermont,0.53010045463518751
UC Irvine,Villanova,0.16736739578163229
UC Irvine,Virginia,0.089301325573405754
UC Irvine,Virginia Tech,0.20471310380232
UC Irvine,Washington,0.31379961218910968
UC Irvine,Wisconsin,0.26028212069396117
UC Irvine,Wofford,0.5646552282223356
UC Irvine,Yale,0.63252997102800979
UCF,Utah St,0.47414634884988849
UCF,VA Commonwealth,0.55319134167185469
UCF,Vermont,0.69154589093682062
UCF,Villanova,0.28544873901572643
UCF,Virginia,0.16309374590295989
UCF,Virginia Tech,0.33843312351581101
UCF,Washington,0.47611662895887685
UCF,Wisconsin,0.41151792260650732
UCF,Wofford,0.72048847278186412
UCF,Yale,0.77380014237022088
Utah St,VA Commonwealth,0.56724919338474589
Utah St,Vermont,0.70358320282493136
Utah St,Villanova,0.29722880649295047
Utah St,Virginia,0.17103300988359249
Utah St,Virginia Tech,0.35132469685024958
Utah St,Washington,0.49036541739970152
Utah St,Wisconsin,0.42540329662048848
Utah St,Wofford,0.73183429491922658
Utah St,Yale,0.78363182573849455
VA Commonwealth,Vermont,0.65504162056240789
VA Commonwealth,Villanova,0.25281143208670009
VA Commonwealth,Virginia,0.1416724202524936
VA Commonwealth,Virginia Tech,0.30230069773741719
VA Commonwealth,Washington,0.43494888634774742
VA Commonwealth,Wisconsin,0.37196986033826751
VA Commonwealth,Wofford,0.68585346593850682
VA Commonwealth,Yale,0.74341858997385957
Vermont,Villanova,0.15171253419329722
Vermont,Virginia,0.080244718637448864
Vermont,Virginia Tech,0.18634686318783
Vermont,Washington,0.28920546275164927
Vermont,Wisconsin,0.23842503166441353
Vermont,Wofford,0.53575041258022305
Vermont,Yale,0.60497902004706439
Villanova,Virginia,0.34249034535098999
Villanova,Virginia Tech,0.57758962912193867
Villanova,Washington,0.70838735180159174
Villanova,Wisconsin,0.65146318434100903
Villanova,Wofford,0.87325570679098818
Villanova,Yale,0.90141668668510844
Virginia,Virginia Tech,0.7197095950030874
Virginia,Washington,0.82019952837122478
Virginia,Wisconsin,0.77826985414201588
Virginia,Wofford,0.9282552466531816
Virginia,Yale,0.94496615887626711
Virginia Tech,Washington,0.65254599035001615
Virginia Tech,Wisconsin,0.59101469471179535
Virginia Tech,Wofford,0.84194098338369971
Virginia Tech,Yale,0.87607229495012884
Washington,Wisconsin,0.45041176986373155
Washington,Wofford,0.75130279803765176
Washington,Yale,0.80036568685399589
Wisconsin,Wofford,0.7781511471912852
Wisconsin,Yale,0.82316408476530833
Wofford,Yale,0.57803529820212418
