id,pred
2019_1101_1113,0.12542992977078993
2019_1101_1120,0.048320292797542463
2019_1101_1124,0.11847604276040458
2019_1101_1125,0.22769710642170926
2019_1101_1133,0.34971644963946735
2019_1101_1138,0.095333350193428035
2019_1101_1153,0.055011067807350655
2019_1101_1159,0.44033201178465176
2019_1101_1181,0.023691156675730962
2019_1101_1192,0.62091421162813476
2019_1101_1196,0.11391943417849126
2019_1101_1199,0.072299144250471459
2019_1101_1205,0.5996352880372019
2019_1101_1209,0.30882725467950245
2019_1101_1211,0.035400642037042851
2019_1101_1222,0.053246634520569658
2019_1101_1233,0.48769837718659081
2019_1101_1234,0.15511397570748742
2019_1101_1235,0.08342900946122489
2019_1101_1242,0.063804270523268758
2019_1101_1243,0.0816630975983208
2019_1101_1246,0.046617332369862319
2019_1101_1251,0.36076648102792519
2019_1101_1257,0.10073128206918314
2019_1101_1261,0.077110702390979946
2019_1101_1266,0.10912551641648649
2019_1101_1268,0.098606684806197276
2019_1101_1276,0.048460951191041102
2019_1101_1277,0.039655980627598675
2019_1101_1278,0.16346099674997694
2019_1101_1279,0.17793311057882122
2019_1101_1280,0.10531878675389617
2019_1101_1285,0.39676230243707378
2019_1101_1293,0.21938363841749708
2019_1101_1295,0.55537595525768857
2019_1101_1297,0.28254314021240945
2019_1101_1300,0.82862947834737233
2019_1101_1305,0.077410758833690752
2019_1101_1308,0.15555848324686583
2019_1101_1314,0.03525300533773934
2019_1101_1318,0.23770994602408169
2019_1101_1326,0.12609791965057715
2019_1101_1328,0.14482076673466138
2019_1101_1330,0.25672007068087754
2019_1101_1332,0.096960192109494803
2019_1101_1341,0.71568790987865483
2019_1101_1345,0.071608060439018684
2019_1101_1371,0.11329780770479969
2019_1101_1385,0.16311061690274486
2019_1101_1387,0.22153208708769723
2019_1101_1388,0.16834550118920266
2019_1101_1393,0.11534393788171271
2019_1101_1396,0.14740755034854491
2019_1101_1397,0.049540131344091187
2019_1101_1403,0.051167324994421226
2019_1101_1414,0.23477136452776892
2019_1101_1416,0.13219690222437264
2019_1101_1429,0.12250031401170181
2019_1101_1433,0.16085467527359165
2019_1101_1436,0.2576727813642461
2019_1101_1437,0.058247114239873166
2019_1101_1438,0.029288254794072821
2019_1101_1439,0.073390300627739324
2019_1101_1449,0.12335212519027861
2019_1101_1458,0.097690789557574376
2019_1101_1459,0.28524931456058711
2019_1101_1463,0.34625058018236132
2019_1113_1120,0.25887215364325389
2019_1113_1124,0.4804092082357303
2019_1113_1125,0.66977720137394825
2019_1113_1133,0.7872205534820772
2019_1113_1138,0.42027399256197273
2019_1113_1153,0.28595720869646901
2019_1113_1159,0.8440561994353819
2019_1113_1181,0.14305567923762563
2019_1113_1192,0.91848724433275586
2019_1113_1196,0.4693439275707828
2019_1113_1199,0.34901790141749045
2019_1113_1205,0.91153183990417985
2019_1113_1209,0.75453186968994412
2019_1113_1211,0.20158059057234812
2019_1113_1222,0.27897212825652806
2019_1113_1233,0.86753319397229645
2019_1113_1234,0.5581103575512778
2019_1113_1235,0.38506478368613561
2019_1113_1242,0.31919660420295104
2019_1113_1243,0.379558167921204
2019_1113_1246,0.2517113420700503
2019_1113_1251,0.7951901295225724
2019_1113_1257,0.43521931903052791
2019_1113_1261,0.36499966237101777
2019_1113_1266,0.45731249713810673
2019_1113_1268,0.42940858062044684
2019_1113_1276,0.25945862140965936
2019_1113_1277,0.22123020175040142
2019_1113_1278,0.57342510227552035
2019_1113_1279,0.59823685618397437
2019_1113_1280,0.4474602799012205
2019_1113_1285,0.8189966065804668
2019_1113_1293,0.65909779179176764
2019_1113_1295,0.89575791935497295
2019_1113_1297,0.73040070540311597
2019_1113_1300,0.97081506114642835
2019_1113_1305,0.36597572629078545
2019_1113_1308,0.55894571193528031
2019_1113_1314,0.20088423963672009
2019_1113_1318,0.68206157108508614
2019_1113_1326,0.49815713759631541
2019_1113_1328,0.53810693840002344
2019_1113_1330,0.70379839997919991
2019_1113_1332,0.42484185892977944
2019_1113_1341,0.94540699483616775
2019_1113_1345,0.3466701809557442
2019_1113_1371,0.46780678398256037
2019_1113_1385,0.57279766945621802
2019_1113_1387,0.66190111790348471
2019_1113_1388,0.58203659393000962
2019_1113_1393,0.47284115604484145
2019_1113_1396,0.54325601326977002
2019_1113_1397,0.2639332146091814
2019_1113_1403,0.27059750247775693
2019_1113_1414,0.67851933410094012
2019_1113_1416,0.51171429511186983
2019_1113_1429,0.48989515125214034
2019_1113_1433,0.56872609035046107
2019_1113_1436,0.70483692300716916
2019_1113_1437,0.29848758518910823
2019_1113_1438,0.17188806106214816
2019_1113_1439,0.35269759722850902
2019_1113_1449,0.491869660700893
2019_1113_1458,0.42687517929624708
2019_1113_1459,0.7330138672789106
2019_1113_1463,0.78465060208462345
2019_1120_1124,0.74435629877950182
2019_1120_1125,0.86463305329054796
2019_1120_1133,0.9209547715630948
2019_1120_1138,0.69540040885730581
2019_1120_1153,0.55775054896148157
2019_1120_1159,0.9445832446605783
2019_1120_1181,0.344568567632629
2019_1120_1192,0.97259139235947756
2019_1120_1196,0.73582103241464414
2019_1120_1199,0.62803111644893828
2019_1120_1205,0.97010236593888399
2019_1120_1209,0.90636762936850523
2019_1120_1211,0.4429232933535362
2019_1120_1222,0.54923308412052407
2019_1120_1233,0.95375529308448992
2019_1120_1234,0.7990929616990774
2019_1120_1235,0.6635228623005982
2019_1120_1242,0.59620376163420363
2019_1120_1243,0.65829704128409217
2019_1120_1246,0.51440416114933996
2019_1120_1251,0.92439643568392205
2019_1120_1257,0.70817791661062601
2019_1120_1261,0.64414702286430325
2019_1120_1266,0.72630819143178404
2019_1120_1268,0.70326074569688246
2019_1120_1276,0.52456873810535443
2019_1120_1277,0.47218543051850881
2019_1120_1278,0.80891535844007012
2019_1120_1279,0.8242284323226764
2019_1120_1280,0.71833161648953725
2019_1120_1285,0.93442290182835586
2019_1120_1293,0.85892799972628753
2019_1120_1295,0.96436332260561453
2019_1120_1297,0.89508751516752449
2019_1120_1300,0.99054415751035785
2019_1120_1305,0.64511120084222295
2019_1120_1308,0.7996363058057554
2019_1120_1314,0.44185461845131391
2019_1120_1318,0.87106414965011791
2019_1120_1326,0.75763684917848717
2019_1120_1328,0.78581181640777176
2019_1120_1330,0.88211263178446986
2019_1120_1332,0.69935123544971289
2019_1120_1341,0.9819934346860536
2019_1120_1345,0.62561024729483439
2019_1120_1371,0.7346193343080003
2019_1120_1385,0.80851863623344311
2019_1120_1387,0.8604360301576448
2019_1120_1388,0.81431232327506264
2019_1120_1393,0.73854040110817898
2019_1120_1396,0.78928086439624767
2019_1120_1397,0.53034109529607565
2019_1120_1403,0.53880809246373884
2019_1120_1414,0.86922389591447924
2019_1120_1416,0.76745644628015564
2019_1120_1429,0.75151590601337792
2019_1120_1433,0.80593250062860911
2019_1120_1436,0.88263022211046105
2019_1120_1437,0.57263943351776447
2019_1120_1438,0.39528112940599147
2019_1120_1439,0.63179750297638404
2019_1120_1449,0.75298834251726454
2019_1120_1458,0.701096877086403
2019_1120_1459,0.89633097267348993
2019_1120_1463,0.91983557907699887
2019_1124_1125,0.68579278755641682
2019_1124_1133,0.79924745651471119
2019_1124_1138,0.43824112570790863
2019_1124_1153,0.30116520156531834
2019_1124_1159,0.85346855907420727
2019_1124_1181,0.15228461235830593
2019_1124_1192,0.92381264575567723
2019_1124_1196,0.48764426646960757
2019_1124_1199,0.36586124572730838
2019_1124_1205,0.91727072327958414
2019_1124_1209,0.76786158666675508
2019_1124_1211,0.213643840747471
2019_1124_1222,0.29396157088383623
2019_1124_1233,0.87573715736502122
2019_1124_1234,0.5761142029915135
2019_1124_1235,0.40257194539054197
2019_1124_1242,0.33534214994638811
2019_1124_1243,0.39697659126326779
2019_1124_1246,0.26577595284892663
2019_1124_1251,0.80687707809004228
2019_1124_1257,0.45332576041965444
2019_1124_1261,0.38216149884637085
2019_1124_1266,0.47556413254279317
2019_1124_1268,0.44746480703927061
2019_1124_1276,0.27379772621798393
2019_1124_1277,0.23412453531378774
2019_1124_1278,0.59126194973384028
2019_1124_1279,0.61573146818817193
2019_1124_1280,0.46565610162416826
2019_1124_1285,0.82961617332346693
2019_1124_1293,0.67538029112566589
2019_1124_1295,0.90241049899536263
2019_1124_1297,0.74459726333374721
2019_1124_1300,0.97282293053358293
2019_1124_1305,0.38315576430876841
2019_1124_1308,0.57694132164521639
2019_1124_1314,0.21291693065011907
2019_1124_1318,0.69775023231812661
2019_1124_1326,0.51648747318633204
2019_1124_1328,0.55627782240766499
2019_1124_1330,0.71885658139655639
2019_1124_1332,0.44285509707636816
2019_1124_1341,0.94907119056021871
2019_1124_1345,0.36346348450185906
2019_1124_1371,0.48610209070620936
2019_1124_1385,0.59064202336985039
2019_1124_1387,0.67811511272075098
2019_1124_1388,0.59976468700477858
2019_1124_1393,0.49115164631124208
2019_1124_1396,0.5613894429055416
2019_1124_1397,0.27842663436175974
2019_1124_1403,0.28531502683509835
2019_1124_1414,0.6943044464589021
2019_1124_1416,0.53001662478494072
2019_1124_1429,0.50822935570417394
2019_1124_1433,0.5866177767428582
2019_1124_1436,0.71986332308420131
2019_1124_1437,0.31406886466965822
2019_1124_1438,0.18258074925451584
2019_1124_1439,0.36961769405946432
2019_1124_1449,0.51020385081115049
2019_1124_1458,0.44490794111148324
2019_1124_1459,0.74712046259572795
2019_1124_1463,0.79678526814787354
2019_1125_1133,0.64516890356896006
2019_1125_1138,0.262690588390739
2019_1125_1153,0.16445012012108529
2019_1125_1159,0.72677898170501454
2019_1125_1181,0.075821659995977786
2019_1125_1192,0.84704194303912994
2019_1125_1196,0.30297725126734965
2019_1125_1199,0.20854123977205907
2019_1125_1205,0.8350847869368192
2019_1125_1209,0.6016987706153839
2019_1125_1211,0.11038379393099063
2019_1125_1222,0.15976898461091471
2019_1125_1233,0.76295329907395315
2019_1125_1234,0.38298784106962003
2019_1125_1235,0.23532428109158232
2019_1125_1242,0.1872698715437473
2019_1125_1243,0.2311540900655813
2019_1125_1246,0.14186471398300493
2019_1125_1251,0.6561349327374445
2019_1125_1257,0.27468731722981143
2019_1125_1261,0.2202669954251506
2019_1125_1266,0.29285694768759718
2019_1125_1268,0.26999527184850769
2019_1125_1276,0.14689478461811512
2019_1125_1277,0.12250776100027083
2019_1125_1278,0.39782337776514431
2019_1125_1279,0.42256368367239949
2019_1125_1280,0.28468909714096646
2019_1125_1285,0.68979950363939158
2019_1125_1293,0.4872263375302941
2019_1125_1295,0.8085432555893276
2019_1125_1297,0.57108382553429471
2019_1125_1300,0.94235622900083726
2019_1125_1305,0.22099071775348911
2019_1125_1308,0.38378873176318506
2019_1125_1314,0.10995909121379743
2019_1125_1318,0.51321695988182348
2019_1125_1326,0.32788786612035115
2019_1125_1328,0.36408949936564894
2019_1125_1330,0.53868990521456406
2019_1125_1332,0.26633256672540284
2019_1125_1341,0.89485560009431764
2019_1125_1345,0.20683821905150435
2019_1125_1371,0.30167522011669123
2019_1125_1385,0.3972091720492773
2019_1125_1387,0.49035013379979864
2019_1125_1388,0.40630958749339741
2019_1125_1393,0.30594954939018193
2019_1125_1396,0.36890334113667334
2019_1125_1397,0.14982085692880542
2019_1125_1403,0.1542074624498031
2019_1125_1414,0.50914736385773629
2019_1125_1416,0.33995017213805467
2019_1125_1429,0.32064550016889382
2019_1125_1433,0.39323682731817511
2019_1125_1436,0.53992890039424912
2019_1125_1437,0.17294575617465058
2019_1125_1438,0.092567009775741282
2019_1125_1439,0.21122043645882993
2019_1125_1449,0.32236895297030799
2019_1125_1458,0.26796069256565591
2019_1125_1459,0.57434127602549689
2019_1125_1463,0.64166422315581206
2019_1133_1138,0.16135058660134438
2019_1133_1153,0.096070837598675407
2019_1133_1159,0.58956294618451333
2019_1133_1181,0.042423486155104384
2019_1133_1192,0.74939796808360959
2019_1133_1196,0.19010273553587009
2019_1133_1199,0.12456171059183829
2019_1133_1205,0.73222079794596873
2019_1133_1209,0.44926667150862754
2019_1133_1211,0.062796020217982251
2019_1133_1222,0.09311922004436668
2019_1133_1233,0.63477504745391078
2019_1133_1234,0.25104100742970004
2019_1133_1235,0.14250114524906399
2019_1133_1242,0.11065865817695819
2019_1133_1243,0.13967541573090347
2019_1133_1246,0.081955434317612874
2019_1133_1251,0.50748311159696646
2019_1133_1257,0.16978498651912788
2019_1133_1261,0.13235515649492757
2019_1133_1266,0.18276415586902373
2019_1133_1268,0.16647354877979936
2019_1133_1276,0.085071896233538613
2019_1133_1277,0.070105090502224021
2019_1133_1278,0.26294355164949568
2019_1133_1279,0.28324122294251897
2019_1133_1280,0.17689870071804481
2019_1133_1285,0.54562267190405733
2019_1133_1293,0.33910432107371313
2019_1133_1295,0.69516738401093514
2019_1133_1297,0.41826302270605231
2019_1133_1300,0.89824900644005312
2019_1133_1305,0.13283924012265746
2019_1133_1308,0.25167852403795821
2019_1133_1314,0.062541540070688684
2019_1133_1318,0.3627837198078967
2019_1133_1326,0.20850905713387335
2019_1133_1328,0.23616148695285244
2019_1133_1330,0.38672186391133945
2019_1133_1332,0.16389989530963667
2019_1133_1341,0.82129489997451277
2019_1133_1345,0.12343753633814125
2019_1133_1371,0.18915414110690298
2019_1133_1385,0.26244683035774508
2019_1133_1387,0.34191167739970696
2019_1133_1388,0.26984186436562274
2019_1133_1393,0.19227315755857644
2019_1133_1396,0.23992206818604855
2019_1133_1397,0.086891917787763617
2019_1133_1403,0.089630272133662259
2019_1133_1414,0.35902719234673108
2019_1133_1416,0.21760151298690733
2019_1133_1429,0.20310669407593696
2019_1133_1433,0.25924258481774409
2019_1133_1436,0.38790524115550939
2019_1133_1437,0.10146290482444342
2019_1133_1438,0.05220948327923014
2019_1133_1439,0.12633421322479199
2019_1133_1449,0.20438845274635842
2019_1133_1458,0.16504270058125003
2019_1133_1459,0.42150541229838123
2019_1133_1463,0.49160384849076855
2019_1138_1153,0.3558381200661892
2019_1138_1159,0.88187948069068134
2019_1138_1181,0.18716881703316302
2019_1138_1192,0.93955060191544026
2019_1138_1196,0.54954890810692358
2019_1138_1199,0.42513404593929438
2019_1138_1205,0.9342638794968553
2019_1138_1209,0.8091593301011264
2019_1138_1211,0.2583009442044123
2019_1138_1222,0.34797792946356221
2019_1138_1233,0.90033463099760325
2019_1138_1234,0.63532337131254069
2019_1138_1235,0.46344564263001742
2019_1138_1242,0.3927327121494204
2019_1138_1243,0.45765233651320458
2019_1138_1246,0.31693803760887485
2019_1138_1251,0.84265618538849341
2019_1138_1257,0.5152550552555939
2019_1138_1261,0.44223346329072799
2019_1138_1266,0.53754416550453921
2019_1138_1268,0.50933942049793579
2019_1138_1276,0.32581875664288695
2019_1138_1277,0.28152995971567918
2019_1138_1278,0.64964199454318927
2019_1138_1279,0.67255209422565998
2019_1138_1280,0.52764403399457604
2019_1138_1285,0.86190351454676961
2019_1138_1293,0.72728731908849287
2019_1138_1295,0.92219714270293496
2019_1138_1297,0.7888959160827359
2019_1138_1300,0.97867062186047371
2019_1138_1305,0.44327188716808086
2019_1138_1308,0.63610793110424935
2019_1138_1314,0.25747184084254948
2019_1138_1318,0.7474180185399476
2019_1138_1326,0.57792353599561674
2019_1138_1328,0.61641293725295931
2019_1138_1330,0.76621809686985898
2019_1138_1332,0.50467449690748323
2019_1138_1341,0.95981845372215213
2019_1138_1345,0.4226067050495067
2019_1138_1371,0.54802035996443299
2019_1138_1385,0.64905805715255649
2019_1138_1387,0.7297598172206432
2019_1138_1388,0.65763350320888248
2019_1138_1393,0.55302094893930298
2019_1138_1396,0.62130341081115148
2019_1138_1397,0.33092637248226409
2019_1138_1403,0.33850430711232116
2019_1138_1414,0.74433098869398107
2019_1138_1416,0.59109461885971371
2019_1138_1429,0.56984080251566072
2019_1138_1433,0.64526317521873167
2019_1138_1436,0.76711018697845523
2019_1138_1437,0.36984456339360705
2019_1138_1438,0.22258274052005578
2019_1138_1439,0.42908728065998514
2019_1138_1449,0.57177635581437891
2019_1138_1458,0.50675325941809968
2019_1138_1459,0.79110425500306891
2019_1138_1463,0.83404950947645351
2019_1153_1159,0.93089004910014062
2019_1153_1181,0.29350530613153825
2019_1153_1192,0.96556658321385302
2019_1153_1196,0.68760384603305269
2019_1153_1199,0.57159461679514401
2019_1153_1205,0.96246424107982587
2019_1153_1209,0.88438731732101339
2019_1153_1211,0.38586535046026937
2019_1153_1222,0.49053941362717124
2019_1153_1233,0.94218975777616376
2019_1153_1234,0.75863594132737366
2019_1153_1235,0.60911977010551277
2019_1153_1242,0.53848689619117551
2019_1153_1243,0.60355385217691726
2019_1153_1246,0.4556700058138311
2019_1153_1251,0.9062104573740124
2019_1153_1257,0.65726543394097559
2019_1153_1261,0.58855377094522687
2019_1153_1266,0.67711662998751798
2019_1153_1268,0.65191205859243184
2019_1153_1276,0.46578723992351434
2019_1153_1277,0.41416041212900245
2019_1153_1278,0.76986665484019401
2019_1153_1279,0.78748689774798519
2019_1153_1280,0.66836101898082989
2019_1153_1285,0.91843592351569281
2019_1153_1293,0.82792545186525379
2019_1153_1295,0.95532652881822533
2019_1153_1297,0.87083654333623739
2019_1153_1300,0.98806416307863709
2019_1153_1305,0.58957260253406729
2019_1153_1308,0.7592557362114194
2019_1153_1314,0.38483923989078672
2019_1153_1318,0.84223882066935607
2019_1153_1326,0.71184210957444871
2019_1153_1328,0.74353868630878384
2019_1153_1330,0.85534715308270759
2019_1153_1332,0.6476649692729981
2019_1153_1341,0.97732217552820388
2019_1153_1345,0.56905848002428372
2019_1153_1371,0.68627633089193385
2019_1153_1385,0.76941197135142059
2019_1153_1387,0.82969918383564578
2019_1153_1388,0.77606118414110936
2019_1153_1393,0.69061085466965322
2019_1153_1396,0.74747237725840898
2019_1153_1397,0.47155432247546747
2019_1153_1403,0.48004206882180978
2019_1153_1414,0.84006269383233778
2019_1153_1416,0.72283837097901116
2019_1153_1429,0.70501491312170905
2019_1153_1433,0.76645023205072538
2019_1153_1436,0.85596306994942029
2019_1153_1437,0.51429829989607001
2019_1153_1438,0.34060802592180472
2019_1153_1439,0.57554623986018594
2019_1153_1449,0.70665534211400782
2019_1153_1458,0.64956033471386254
2019_1153_1459,0.87232643284741718
2019_1153_1463,0.90067040013589172
2019_1159_1181,0.030385369566766074
2019_1159_1192,0.67899783002293868
2019_1159_1196,0.14239035863665062
2019_1159_1199,0.091441705678337204
2019_1159_1205,0.65918970567460833
2019_1159_1209,0.36589502158775411
2019_1159_1211,0.045250156662539398
2019_1159_1222,0.067712883676124602
2019_1159_1233,0.55144807498448156
2019_1159_1234,0.19165347566001756
2019_1159_1235,0.10518429462766843
2019_1159_1242,0.08089377809442766
2019_1159_1243,0.10300964862553541
2019_1159_1246,0.059395499532508556
2019_1159_1251,0.42157790200248013
2019_1159_1257,0.12637629178095811
2019_1159_1261,0.097393470480580557
2019_1159_1266,0.13658301652447657
2019_1159_1268,0.12378525194701462
2019_1159_1276,0.061711757432028613
2019_1159_1277,0.050627316742219541
2019_1159_1278,0.20149782882219736
2019_1159_1279,0.21845811971942697
2019_1159_1280,0.13196033817863606
2019_1159_1285,0.45928180069985725
2019_1159_1293,0.26629111883275958
2019_1159_1295,0.61731231236478257
2019_1159_1297,0.33712293003918126
2019_1159_1300,0.86196230680120478
2019_1159_1305,0.097764091341764559
2019_1159_1308,0.19217887621848595
2019_1159_1314,0.04506336202796446
2019_1159_1318,0.28709474225578868
2019_1159_1326,0.15707296836591356
2019_1159_1328,0.1794505440892098
2019_1159_1330,0.30845616422544164
2019_1159_1332,0.12177513562939268
2019_1159_1341,0.76475199684635575
2019_1159_1345,0.090585511266054741
2019_1159_1371,0.14163820794005844
2019_1159_1385,0.20108551529457153
2019_1159_1387,0.26874079152717811
2019_1159_1388,0.20723736723523445
2019_1159_1393,0.14411297406466017
2019_1159_1396,0.18252386308178492
2019_1159_1397,0.063066463044821441
2019_1159_1403,0.065107508149405913
2019_1159_1414,0.28377292953812638
2019_1159_1416,0.16438830365309021
2019_1159_1429,0.15274609991482291
2019_1159_1433,0.19842888392422442
2019_1159_1436,0.3095209195132852
2019_1159_1437,0.073965775201246808
2019_1159_1438,0.037503241494040052
2019_1159_1439,0.092792868759755898
2019_1159_1449,0.15377137119690631
2019_1159_1458,0.12266731509704132
2019_1159_1459,0.34010405497639584
2019_1159_1463,0.40616989214782195
2019_1181_1192,0.98614586046296626
2019_1181_1196,0.84818980488574314
2019_1181_1199,0.77204467956664347
2019_1181_1205,0.98486859016413209
2019_1181_1209,0.95102275090399258
2019_1181_1211,0.61462772054754522
2019_1181_1222,0.70965020427955117
2019_1181_1233,0.97639879622225434
2019_1181_1234,0.88862260591958153
2019_1181_1235,0.79821035505011328
2019_1181_1242,0.74758724835605195
2019_1181_1243,0.79442827569776719
2019_1181_1246,0.679994354689202
2019_1181_1251,0.96082490057950065
2019_1181_1257,0.82958151850004258
2019_1181_1261,0.78406637396044165
2019_1181_1266,0.84185360932448539
2019_1181_1268,0.82620797087714615
2019_1181_1276,0.68878976843294148
2019_1181_1277,0.64215735155008935
2019_1181_1278,0.89464497012608335
2019_1181_1279,0.90390402373055556
2019_1181_1280,0.83648640854341583
2019_1181_1285,0.96619692409177904
2019_1181_1293,0.92431884994161462
2019_1181_1295,0.98191116618033525
2019_1181_1297,0.94479467633594605
2019_1181_1300,0.99526362185857986
2019_1181_1305,0.78477811036541345
2019_1181_1308,0.88895746751354177
2019_1181_1314,0.61360108144858327
2019_1181_1318,0.93127962812601539
2019_1181_1326,0.86246073969683301
2019_1181_1328,0.88037389601470695
2019_1181_1330,0.93753825972465332
2019_1181_1332,0.82351177354382543
2019_1181_1341,0.9909415852858946
2019_1181_1345,0.77021815995786902
2019_1181_1371,0.8473932408067848
2019_1181_1385,0.8944030014119162
2019_1181_1387,0.92518874879626001
2019_1181_1388,0.89792613979556513
2019_1181_1393,0.84998830091602207
2019_1181_1396,0.88254032142682148
2019_1181_1397,0.69373237463442505
2019_1181_1403,0.70091493273138072
2019_1181_1414,0.93022996923160839
2019_1181_1416,0.86876892296882102
2019_1181_1429,0.85849269215305202
2019_1181_1433,0.89282305236549109
2019_1181_1436,0.93782965206016466
2019_1181_1437,0.72883926354829076
2019_1181_1438,0.56732533453883383
2019_1181_1439,0.77487556353880582
2019_1181_1449,0.85944977404545875
2019_1181_1458,0.82471719362894935
2019_1181_1459,0.94548486991567271
2019_1181_1463,0.95836264048673903
2019_1192_1196,0.080453418485330386
2019_1192_1199,0.050364915663660415
2019_1192_1205,0.50476479712441369
2019_1192_1209,0.23317065820418159
2019_1192_1211,0.024366712529406809
2019_1192_1222,0.036862906516462068
2019_1192_1233,0.39314715171315862
2019_1192_1234,0.11106312410163688
2019_1192_1235,0.058330493002892392
2019_1192_1242,0.044324096123970369
2019_1192_1243,0.057062758424735183
2019_1192_1246,0.03220402371630815
2019_1192_1251,0.27749430536905895
2019_1192_1257,0.07082984434944517
2019_1192_1261,0.05380139223293845
2019_1192_1266,0.076945511405393185
2019_1192_1268,0.069287327780447105
2019_1192_1276,0.033497653930005367
2019_1192_1277,0.027333299839599312
2019_1192_1278,0.11736897156143433
2019_1192_1279,0.12838659363755589
2019_1192_1280,0.074167890735046926
2019_1192_1285,0.30920045832396359
2019_1192_1293,0.16054915240220158
2019_1192_1295,0.45947167586655668
2019_1192_1297,0.21135659788480876
2019_1192_1300,0.76693044051671277
2019_1192_1305,0.054016055231302595
2019_1192_1308,0.11139804001049969
2019_1192_1314,0.024263934792267405
2019_1192_1318,0.17506289245540019
2019_1192_1326,0.089415266142854333
2019_1192_1328,0.1033355612465936
2019_1192_1330,0.19031381221517929
2019_1192_1332,0.068093414595710389
2019_1192_1341,0.63141353972303749
2019_1192_1345,0.049872222736570548
2019_1192_1371,0.079997919711887411
2019_1192_1385,0.11710355991102517
2019_1192_1387,0.16224117850114417
2019_1192_1388,0.12107550813960677
2019_1192_1393,0.081497936522430647
2019_1192_1396,0.1052725555252545
2019_1192_1397,0.034255611362636884
2019_1192_1403,0.035399468206348761
2019_1192_1414,0.17272327918366503
2019_1192_1416,0.093930719437789967
2019_1192_1429,0.086760323709154541
2019_1192_1433,0.11539619106932986
2019_1192_1436,0.19108343844855447
2019_1192_1437,0.040390403934350116
2019_1192_1438,0.02011974064658606
2019_1192_1439,0.051143285043369735
2019_1192_1449,0.087388364879197211
2019_1192_1458,0.068623029137638181
2019_1192_1459,0.21358392813332994
2019_1192_1463,0.26494027428624845
2019_1196_1199,0.39130059672572837
2019_1196_1205,0.92511706360364854
2019_1196_1209,0.78658141733894027
2019_1196_1211,0.23237759259525448
2019_1196_1222,0.31689989343418024
2019_1196_1233,0.88703757577118536
2019_1196_1234,0.60228784675249303
2019_1196_1235,0.42883769423606788
2019_1196_1242,0.35986366862791219
2019_1196_1243,0.4231358360290296
2019_1196_1246,0.28741021166811076
2019_1196_1251,0.82317519087375002
2019_1196_1257,0.48024105360230263
2019_1196_1261,0.40800502072964173
2019_1196_1266,0.50258591031010824
2019_1196_1268,0.47433405251575445
2019_1196_1276,0.29582187389070524
2019_1196_1277,0.25407391811848168
2019_1196_1278,0.61712187293228482
2019_1196_1279,0.64098329212161087
2019_1196_1280,0.49264375073150413
2019_1196_1285,0.84436542656549352
2019_1196_1293,0.69863087596354789
2019_1196_1295,0.91153030142160485
2019_1196_1297,0.76461805836325625
2019_1196_1300,0.97554099260278715
2019_1196_1305,0.40902201082847045
2019_1196_1308,0.60309907830188558
2019_1196_1314,0.2316057155456297
2019_1196_1318,0.72006269512721488
2019_1196_1326,0.54342505525454432
2019_1196_1328,0.58278929961399517
2019_1196_1330,0.74019110782283737
2019_1196_1332,0.46968283614875139
2019_1196_1341,0.95405254034262132
2019_1196_1345,0.38883834295267405
2019_1196_1371,0.51313676915629947
2019_1196_1385,0.61651572948805855
2019_1196_1387,0.7012564624328943
2019_1196_1388,0.62542745934329513
2019_1196_1393,0.51818398253092213
2019_1196_1396,0.58782180626357072
2019_1196_1397,0.30066896648203201
2019_1196_1403,0.30787285432557032
2019_1196_1414,0.71676802632722725
2019_1196_1416,0.5568471853798731
2019_1196_1429,0.53521299169139491
2019_1196_1433,0.61257899821618245
2019_1196_1436,0.74114896244706086
2019_1196_1437,0.33782545502894334
2019_1196_1438,0.19928095742198659
2019_1196_1439,0.39515548021752778
2019_1196_1449,0.53717780717294761
2019_1196_1458,0.4717547399716967
2019_1196_1459,0.7670053578785776
2019_1196_1463,0.81373845109410248
2019_1199_1205,0.95343592250497944
2019_1199_1209,0.85932433472225156
2019_1199_1211,0.33410298443228703
2019_1199_1222,0.43467384047156754
2019_1199_1233,0.92864643133523062
2019_1199_1234,0.71509417867271441
2019_1199_1235,0.55444667599406605
2019_1199_1242,0.48233053523518443
2019_1199_1243,0.54867907572499941
2019_1199_1246,0.40065256813990835
2019_1199_1251,0.88526462179663878
2019_1199_1257,0.60495912194880241
2019_1199_1261,0.53320852357506709
2019_1199_1266,0.62611653185351535
2019_1199_1268,0.59928684333297511
2019_1199_1276,0.41046940067989546
2019_1199_1277,0.36083250581945425
2019_1199_1278,0.72762349213164579
2019_1199_1279,0.74741694640745537
2019_1199_1280,0.61676069541694045
2019_1199_1285,0.89991884646553211
2019_1199_1293,0.79348069175739988
2019_1199_1295,0.94468008364924461
2019_1199_1297,0.84335627904809185
2019_1199_1300,0.98509794925332173
2019_1199_1305,0.5342559518858736
2019_1199_1308,0.71578389506995765
2019_1199_1314,0.33313985451779482
2019_1199_1318,0.81000170049912434
2019_1199_1326,0.66360199170597156
2019_1199_1328,0.69835630812681337
2019_1199_1330,0.82523279384482251
2019_1199_1332,0.59479676201995346
2019_1199_1341,0.97176272602751712
2019_1199_1345,0.51325958821992967
2019_1199_1371,0.63594515124491258
2019_1199_1385,0.72711493071963673
2019_1199_1387,0.79552178776672955
2019_1199_1388,0.7345630455424812
2019_1199_1393,0.64061090539752086
2019_1199_1396,0.70270592584905589
2019_1199_1397,0.41608503249827622
2019_1199_1403,0.42437615486508162
2019_1199_1414,0.80748254359259208
2019_1199_1416,0.67560020362621798
2019_1199_1429,0.65618389377828934
2019_1199_1433,0.72380493504818544
2019_1199_1436,0.82595084308768985
2019_1199_1437,0.45816026474902205
2019_1199_1438,0.29202986321565094
2019_1199_1439,0.51987863699739845
2019_1199_1449,0.6579641321848686
2019_1199_1458,0.59679947621630491
2019_1199_1459,0.84510677029323678
2019_1199_1463,0.8786529895960179
2019_1205_1209,0.23989307300390972
2019_1205_1211,0.025267576193319985
2019_1205_1222,0.038207675239320893
2019_1205_1233,0.40206349781277106
2019_1205_1234,0.11479211973398162
2019_1205_1235,0.060409285214594322
2019_1205_1242,0.045928071598713704
2019_1205_1243,0.059099206374096713
2019_1205_1246,0.033384726286684319
2019_1205_1251,0.28501962436863737
2019_1205_1257,0.073319407074820764
2019_1205_1261,0.055728327800341759
2019_1205_1266,0.079631608476253501
2019_1205_1268,0.07172685863059991
2019_1205_1276,0.03472408340632005
2019_1205_1277,0.028340655462199771
2019_1205_1278,0.12128080298579691
2019_1205_1279,0.13261046392275921
2019_1205_1280,0.076765087570396018
2019_1205_1285,0.31720811049464392
2019_1205_1293,0.1656300842710664
2019_1205_1295,0.46873038498518826
2019_1205_1297,0.21762858993375445
2019_1205_1300,0.77351861666664734
2019_1205_1305,0.055950224486471689
2019_1205_1308,0.11513682413052406
2019_1205_1314,0.025161096647349002
2019_1205_1318,0.1805043776937334
2019_1205_1326,0.092493051648754987
2019_1205_1328,0.10683628299508274
2019_1205_1330,0.19611664508944204
2019_1205_1332,0.070494092993030555
2019_1205_1341,0.64003441941190964
2019_1205_1345,0.051666116459381461
2019_1205_1371,0.082781017367736465
2019_1205_1385,0.1210077581145248
2019_1205_1387,0.1673649821881541
2019_1205_1388,0.12509336746407029
2019_1205_1393,0.084328435862661588
2019_1205_1396,0.10883093275862388
2019_1205_1397,0.035508771935551575
2019_1205_1403,0.03669288419092831
2019_1205_1414,0.17810774322632439
2019_1205_1416,0.097147350438861246
2019_1205_1429,0.08975573067066378
2019_1205_1433,0.1192511546040772
2019_1205_1436,0.19690403116067501
2019_1205_1437,0.041858264057235806
2019_1205_1438,0.020866947431989247
2019_1205_1439,0.052980349221283474
2019_1205_1449,0.090403308553499317
2019_1205_1458,0.071040956051952042
2019_1205_1459,0.21990358602365689
2019_1205_1463,0.27225343076365416
2019_1209_1211,0.081183184760017402
2019_1209_1222,0.11925545344210409
2019_1209_1233,0.69622547446515193
2019_1209_1234,0.30652044363436914
2019_1209_1235,0.1797504411048283
2019_1209_1242,0.14095263016430404
2019_1209_1243,0.17633797056463196
2019_1209_1246,0.10532217488411721
2019_1209_1251,0.57604667041495583
2019_1209_1257,0.21239963407787887
2019_1209_1261,0.16747028923139817
2019_1209_1266,0.22774283313933397
2019_1209_1268,0.20846575144826174
2019_1209_1276,0.10922147494966428
2019_1209_1277,0.090425915673952417
2019_1209_1278,0.31992978916364034
2019_1209_1279,0.34258181576125957
2019_1209_1280,0.22082392227570014
2019_1209_1285,0.61292647201955186
2019_1209_1293,0.40355900956868063
2019_1209_1295,0.75045125918397082
2019_1209_1297,0.48668382027767387
2019_1209_1300,0.92089350042554319
2019_1209_1305,0.16805792844520573
2019_1209_1308,0.30724105351655706
2019_1209_1314,0.080860619782350263
2019_1209_1318,0.42881889428041764
2019_1209_1326,0.25782474573638303
2019_1209_1328,0.2896241938290286
2019_1209_1330,0.45400981016140995
2019_1209_1332,0.20540288362378956
2019_1209_1341,0.85836497715095428
2019_1209_1345,0.15661379773037831
2019_1209_1371,0.23525271644948986
2019_1209_1385,0.31937206254962203
2019_1209_1387,0.40657170568619427
2019_1209_1388,0.32765851696694526
2019_1209_1393,0.23890789972038851
2019_1209_1396,0.29390853038141285
2019_1209_1397,0.11149519007808695
2019_1209_1403,0.11491132779068136
2019_1209_1414,0.42483446669081926
2019_1209_1416,0.26833862538730091
2019_1209_1429,0.25155072959991942
2019_1209_1433,0.3157703649024044
2019_1209_1436,0.45524624517831314
2019_1209_1437,0.12960631563318592
2019_1209_1438,0.067720815156209868
2019_1209_1439,0.16014677541997158
2019_1209_1449,0.25304113089222302
2019_1209_1458,0.20676350883627459
2019_1209_1459,0.49000984235784828
2019_1209_1463,0.56046337751584185
2019_1211_1222,0.60697889863870458
2019_1211_1233,0.96315584781019403
2019_1211_1234,0.83447674568663444
2019_1211_1235,0.71424501331552004
2019_1211_1242,0.65174769868987348
2019_1211_1243,0.7094620171320758
2019_1211_1246,0.57314412673647253
2019_1211_1251,0.93938572744321491
2019_1211_1257,0.75465758033287034
2019_1211_1261,0.69645377900985572
2019_1211_1266,0.77083462367840394
2019_1211_1268,0.7502473841652062
2019_1211_1276,0.58307570232030725
2019_1211_1277,0.53137993819601848
2019_1211_1278,0.84290929909674339
2019_1211_1279,0.8559831857494834
2019_1211_1280,0.76373360635328758
2019_1211_1285,0.94753714780157272
2019_1211_1293,0.88528642832849447
2019_1211_1295,0.97167154195529259
2019_1211_1297,0.91535556122975958
2019_1211_1300,0.99252493887813142
2019_1211_1305,0.69734282287153171
2019_1211_1308,0.83494416187973841
2019_1211_1314,0.50085490972819313
2019_1211_1318,0.8954310751692377
2019_1211_1326,0.79848062236547124
2019_1211_1328,0.8230166183805403
2019_1211_1330,0.9046201927393086
2019_1211_1332,0.74673398115609491
2019_1211_1341,0.98573960892624446
2019_1211_1345,0.67928510877107684
2019_1211_1371,0.778206541309023
2019_1211_1385,0.84256941811544761
2019_1211_1387,0.88654990923979748
2019_1211_1388,0.84752711781207202
2019_1211_1393,0.78167499304734012
2019_1211_1396,0.82601650222190726
2019_1211_1397,0.58869468249142254
2019_1211_1403,0.59690926292418267
2019_1211_1414,0.89389623868326595
2019_1211_1416,0.80706679534890025
2019_1211_1429,0.79310951844255051
2019_1211_1433,0.84035236224480192
2019_1211_1436,0.90504959952709896
2019_1211_1437,0.62940996293524676
2019_1211_1438,0.45311112075290361
2019_1211_1439,0.68503190941537428
2019_1211_1449,0.79440291311510502
2019_1211_1458,0.74830352101154662
2019_1211_1459,0.91638123674736649
2019_1211_1463,0.93566618281082614
2019_1222_1233,0.94376060529617867
2019_1222_1234,0.76394480999321623
2019_1222_1235,0.61605289630498627
2019_1222_1242,0.54573853312875398
2019_1222_1243,0.61052257719449088
2019_1222_1246,0.46292505480166479
2019_1222_1251,0.90866417861417925
2019_1222_1257,0.66381591147778685
2019_1222_1261,0.59560950335358931
2019_1222_1266,0.68347041911246798
2019_1222_1268,0.65851169281852417
2019_1222_1276,0.47306337886249994
2019_1222_1277,0.42126604171874205
2019_1222_1278,0.77500176349966043
2019_1222_1279,0.79233488967453958
2019_1222_1280,0.67480435597650446
2019_1222_1285,0.92059782681984081
2019_1222_1293,0.83204768215001723
2019_1222_1295,0.95655687660923439
2019_1222_1297,0.87408713024259932
2019_1222_1300,0.98840383112490537
2019_1222_1305,0.59662283787078918
2019_1222_1308,0.7645552032216415
2019_1222_1314,0.39177823086158825
2019_1222_1318,0.84608190529621274
2019_1222_1326,0.71779735641398945
2019_1222_1328,0.74906978668137914
2019_1222_1330,0.85892440334357401
2019_1222_1332,0.65430242676263517
2019_1222_1341,0.97796071860005429
2019_1222_1345,0.57620780223262558
2019_1222_1371,0.69253172033273058
2019_1222_1385,0.77455425462517935
2019_1222_1387,0.83378745300259038
2019_1222_1388,0.78109737233905885
2019_1222_1393,0.69681799879393402
2019_1222_1396,0.75294682854251926
2019_1222_1397,0.47883979939687726
2019_1222_1403,0.48733774677064989
2019_1222_1414,0.84394896731895608
2019_1222_1416,0.72865298984702864
2019_1222_1429,0.71105398266163855
2019_1222_1433,0.771638960999528
2019_1222_1436,0.85952759010559743
2019_1222_1437,0.52159234133446797
2019_1222_1438,0.34719961752028772
2019_1222_1439,0.58266686466996975
2019_1222_1449,0.71267451488366229
2019_1222_1458,0.65618104115422771
2019_1222_1459,0.87554488312148659
2019_1222_1463,0.90325358672583711
2019_1233_1234,0.17751990050920163
2019_1233_1235,0.096664880536353581
2019_1233_1242,0.074178682027321918
2019_1233_1243,0.09464773975811569
2019_1233_1246,0.054359455044649008
2019_1233_1251,0.39885482511669368
2019_1233_1257,0.11636363982737552
2019_1233_1261,0.089442001124793724
2019_1233_1266,0.12587821603071048
2019_1233_1268,0.1139511088025944
2019_1233_1276,0.056491116281531362
2019_1233_1277,0.046298118395454835
2019_1233_1278,0.18680604785252886
2019_1233_1279,0.20284385552179163
2019_1233_1280,0.12156683197571871
2019_1233_1285,0.43605854013535794
2019_1233_1293,0.24834438073556431
2019_1233_1295,0.59488959344686787
2019_1233_1297,0.31646145923264801
2019_1233_1300,0.85040042374705527
2019_1233_1305,0.089785373402092472
2019_1233_1308,0.17801508783085029
2019_1233_1314,0.041189301558319902
2019_1233_1318,0.26825856267261661
2019_1233_1326,0.14503200478136402
2019_1233_1328,0.1660320407338246
2019_1233_1330,0.28878620034420011
2019_1233_1332,0.11208025943115751
2019_1233_1341,0.7474336667611361
2019_1233_1345,0.08313866596534536
2019_1233_1371,0.1305971312538744
2019_1233_1385,0.18641677883987118
2019_1233_1387,0.25068536547870246
2019_1233_1388,0.19222784463670639
2019_1233_1393,0.13290885367486172
2019_1233_1396,0.16892286052057759
2019_1233_1397,0.057738269869358483
2019_1233_1403,0.059617848931837414
2019_1233_1414,0.2650736569520955
2019_1233_1416,0.1518876058050046
2019_1233_1429,0.14098135117033972
2019_1233_1433,0.18390933127249265
2019_1233_1436,0.28981151199291644
2019_1233_1437,0.067783368169130997
2019_1233_1438,0.034255803649269057
2019_1233_1439,0.085181558129255652
2019_1233_1449,0.14194088397498794
2019_1233_1458,0.11291054184437044
2019_1233_1459,0.31934789861161594
2019_1233_1463,0.38372635748934647
2019_1234_1235,0.3461328263623884
2019_1234_1242,0.28385021713216119
2019_1234_1243,0.34087433809218748
2019_1234_1246,0.2214076300181127
2019_1234_1251,0.76647677280209869
2019_1234_1257,0.39446935858193366
2019_1234_1261,0.32701755099366903
2019_1234_1266,0.41601766736912615
2019_1234_1268,0.38882811877119983
2019_1234_1276,0.22850703017883234
2019_1234_1277,0.19364648392744355
2019_1234_1278,0.53192228610664816
2019_1234_1279,0.5572843024588251
2019_1234_1280,0.40638888873611867
2019_1234_1285,0.7927509423241591
2019_1234_1293,0.62041262059764124
2019_1234_1295,0.87899826059533004
2019_1234_1297,0.69607579829506472
2019_1234_1300,0.96566019724414598
2019_1234_1305,0.32794450057472058
2019_1234_1308,0.51722020553075232
2019_1234_1314,0.1752664028562062
2019_1234_1318,0.64457705156964284
2019_1234_1326,0.45627502905181605
2019_1234_1328,0.49618697603463691
2019_1234_1330,0.66762778539933798
2019_1234_1332,0.38440222217629849
2019_1234_1341,0.93605994095478928
2019_1234_1345,0.30966529264538989
2019_1234_1371,0.4263087374800969
2019_1234_1385,0.53128370633818012
2019_1234_1387,0.62335227316805319
2019_1234_1388,0.54070052826148252
2019_1234_1393,0.43125841058541925
2019_1234_1396,0.50137033456640001
2019_1234_1397,0.2326155067639285
2019_1234_1403,0.23874551393543719
2019_1234_1414,0.64083710431966245
2019_1234_1416,0.46975931712880381
2019_1234_1429,0.4480874475361174
2019_1234_1433,0.52714309294049233
2019_1234_1436,0.66873343581337485
2019_1234_1437,0.26454333149382336
2019_1234_1438,0.14927722216051731
2019_1234_1439,0.31535988127622039
2019_1234_1449,0.45004211623763013
2019_1234_1458,0.38637201404853094
2019_1234_1459,0.69888450290036985
2019_1234_1463,0.75491506158508859
2019_1235_1242,0.44882315951512541
2019_1235_1243,0.51514926065875777
2019_1235_1246,0.36877719254464236
2019_1235_1251,0.87085489466101251
2019_1235_1257,0.57235161760467101
2019_1235_1261,0.49957762257920846
2019_1235_1266,0.59408361786812003
2019_1235_1268,0.56654660392228795
2019_1235_1276,0.37830598440316299
2019_1235_1277,0.33037884418853725
2019_1235_1278,0.70012201688591102
2019_1235_1279,0.72114808365513217
2019_1235_1280,0.58445819757240147
2019_1235_1285,0.88711487283197021
2019_1235_1293,0.77053169125002641
2019_1235_1295,0.93720307594079688
2019_1235_1297,0.82472533190908726
2019_1235_1300,0.98298540548197322
2019_1235_1305,0.50062983997079302
2019_1235_1308,0.68760024023464128
2019_1235_1314,0.30391210542813374
2019_1235_1318,0.78839898341802406
2019_1235_1326,0.63289766910783007
2019_1235_1328,0.66924305547887231
2019_1235_1330,0.80494482065639039
2019_1235_1332,0.56195781445154214
2019_1235_1341,0.9678215063318697
2019_1235_1345,0.479594177631258
2019_1235_1371,0.60422202496149091
2019_1235_1385,0.6995833072874994
2019_1235_1387,0.77273463692505417
2019_1235_1388,0.70748056089966527
2019_1235_1393,0.60904440333342935
2019_1235_1396,0.67381639846634811
2019_1235_1397,0.38376803432590212
2019_1235_1403,0.39184733676452188
2019_1235_1414,0.78566918967239796
2019_1235_1416,0.64540582729981555
2019_1235_1429,0.62518491979159307
2019_1235_1433,0.69607894763465139
2019_1235_1436,0.80572660194822543
2019_1235_1437,0.42495362029241801
2019_1235_1438,0.26497572884920395
2019_1235_1439,0.48621275576105272
2019_1235_1449,0.62703443615320298
2019_1235_1458,0.56400386166293814
2019_1235_1459,0.826641226385191
2019_1235_1463,0.86354089720518989
2019_1242_1243,0.56327842757178459
2019_1242_1246,0.41493437145102763
2019_1242_1251,0.89113635753784881
2019_1242_1257,0.61900209770578352
2019_1242_1261,0.54789596010573183
2019_1242_1266,0.63985514569869417
2019_1242_1268,0.61340260128447444
2019_1242_1276,0.4248530840563095
2019_1242_1277,0.3745819950771091
2019_1242_1278,0.7391859006445608
2019_1242_1279,0.75841809120247894
2019_1242_1280,0.63064028880346168
2019_1242_1285,0.90512100922104954
2019_1242_1293,0.80300434433460732
2019_1242_1295,0.94769082312812891
2019_1242_1297,0.85101177884919055
2019_1242_1300,0.98594171573202216
2019_1242_1305,0.5489383110192837
2019_1242_1308,0.72766078249034782
2019_1242_1314,0.34640601271535598
2019_1242_1318,0.81893733450102391
2019_1242_1326,0.67667447814360759
2019_1242_1328,0.71066708431549364
2019_1242_1330,0.83359926375446602
2019_1242_1332,0.60896748470149187
2019_1242_1341,0.9733411105801425
2019_1242_1345,0.52801910115895168
2019_1242_1371,0.64952476832414985
2019_1242_1385,0.73869117471887091
2019_1242_1387,0.80497444962816522
2019_1242_1388,0.74593373029568699
2019_1242_1393,0.65411114355599476
2019_1242_1396,0.71491165182075511
2019_1242_1397,0.43052179243625033
2019_1242_1403,0.43888436624637051
2019_1242_1414,0.81650981525727584
2019_1242_1416,0.6884253525272821
2019_1242_1429,0.66940103668114237
2019_1242_1433,0.73547051046408884
2019_1242_1436,0.83428984102973713
2019_1242_1437,0.47287464119356903
2019_1242_1438,0.30440623865175109
2019_1242_1439,0.53461942681133445
2019_1242_1449,0.67114713606027221
2019_1242_1458,0.61094597221355784
2019_1242_1459,0.85269166296209442
2019_1242_1463,0.88481906083935136
2019_1243_1246,0.35059751894096247
2019_1243_1251,0.86171302200111399
2019_1243_1257,0.55292714198771864
2019_1243_1261,0.47985165654388773
2019_1243_1266,0.5749131213797789
2019_1243_1268,0.54706711404767416
2019_1243_1276,0.35992441633844929
2019_1243_1277,0.31315300793589007
2019_1243_1278,0.6832896955523855
2019_1243_1279,0.70499867970371166
2019_1243_1280,0.56516584509376755
2019_1243_1285,0.87896403239718568
2019_1243_1293,0.75627569994691368
2019_1243_1295,0.93239322033041028
2019_1243_1297,0.81301917070666474
2019_1243_1300,0.9816133974883805
2019_1243_1305,0.480902253295176
2019_1243_1308,0.67039595488513859
2019_1243_1314,0.28747380479028928
2019_1243_1318,0.77492878162189116
2019_1243_1326,0.61437037612155199
2019_1243_1328,0.65154014344978417
2019_1243_1330,0.79225035313124892
2019_1243_1332,0.54243865428288907
2019_1243_1341,0.96526992716867821
2019_1243_1345,0.45993205560773454
2019_1243_1371,0.5851960225028261
2019_1243_1385,0.68273445048951098
2019_1243_1387,0.75857262429155248
2019_1243_1388,0.69087891182989669
2019_1243_1393,0.59009295418607266
2019_1243_1396,0.65623252949022048
2019_1243_1397,0.36527700381269412
2019_1243_1403,0.37320278079710545
2019_1243_1414,0.77207545119264009
2019_1243_1416,0.62713790294975813
2019_1243_1429,0.60651038223168707
2019_1243_1433,0.67912369639284997
2019_1243_1436,0.79306993409799686
2019_1243_1437,0.40578489172934251
2019_1243_1438,0.24988741774725354
2019_1243_1439,0.46652253847505387
2019_1243_1449,0.60839432698518392
2019_1243_1458,0.54450197349801988
2019_1243_1459,0.81503432522328789
2019_1243_1463,0.85396810301943071
2019_1246_1251,0.92312135765785042
2019_1246_1257,0.70442225105446865
2019_1246_1261,0.63998622210870904
2019_1246_1266,0.72269449027443011
2019_1246_1268,0.69946865296727556
2019_1246_1276,0.52005153302528839
2019_1246_1277,0.46767558399020381
2019_1246_1278,0.80610118388056562
2019_1246_1279,0.82159003934013308
2019_1246_1280,0.71465397317690749
2019_1246_1285,0.93330472278105558
2019_1246_1293,0.85671991680156445
2019_1246_1295,0.96373585557070274
2019_1246_1297,0.8933751486302528
2019_1246_1300,0.99037306352572718
2019_1246_1305,0.64095538984381917
2019_1246_1308,0.79671981681400195
2019_1246_1314,0.43739439882522657
2019_1246_1318,0.8690170561426338
2019_1246_1326,0.7542968636626125
2019_1246_1328,0.78274876988368103
2019_1246_1330,0.88021683128740558
2019_1246_1332,0.69553081211290402
2019_1246_1341,0.98167048690358649
2019_1246_1345,0.62136010947103193
2019_1246_1371,0.7310747382655467
2019_1246_1385,0.80570002239837057
2019_1246_1387,0.85824765572690997
2019_1246_1388,0.81155911583520091
2019_1246_1393,0.73502928714403604
2019_1246_1396,0.78625393355120887
2019_1246_1397,0.52582915942329866
2019_1246_1403,0.5343060718482836
2019_1246_1414,0.8671520410109701
2019_1246_1416,0.76420966880164176
2019_1246_1429,0.74811961164324225
2019_1246_1433,0.80308509024425223
2019_1246_1436,0.88074161989845157
2019_1246_1437,0.56820300321712869
2019_1246_1438,0.39096172905148641
2019_1246_1439,0.62757579097397542
2019_1246_1449,0.74960546800934802
2019_1246_1458,0.69728903455996838
2019_1246_1459,0.89463651262189081
2019_1246_1463,0.91849036328976319
2019_1251_1257,0.17484518453728681
2019_1251_1261,0.1364832017102876
2019_1251_1266,0.18812352623941775
2019_1251_1268,0.17145543608441738
2019_1251_1276,0.087874575906042751
2019_1251_1277,0.072453738450470984
2019_1251_1278,0.26987766517930412
2019_1251_1279,0.29049963920196042
2019_1251_1280,0.18212440322879819
2019_1251_1285,0.5544041244649468
2019_1251_1293,0.34710104470166503
2019_1251_1295,0.70263382678469188
2019_1251_1297,0.42692061337091369
2019_1251_1300,0.90144644229946458
2019_1251_1305,0.13697999986464549
2019_1251_1308,0.25841972258763457
2019_1251_1314,0.064654413404705346
2019_1251_1318,0.37102536118962315
2019_1251_1326,0.21442528929275961
2019_1251_1328,0.24262181624214618
2019_1251_1330,0.39517007556192463
2019_1251_1332,0.16882036272870948
2019_1251_1341,0.82644331168921781
2019_1251_1345,0.12732826499899363
2019_1251_1371,0.19465625948959708
2019_1251_1385,0.26937263213144857
2019_1251_1387,0.34993954991307441
2019_1251_1388,0.27688955372627189
2019_1251_1393,0.19784386507633467
2019_1251_1396,0.24645207842174799
2019_1251_1397,0.089748676043574727
2019_1251_1403,0.092567932789112017
2019_1251_1414,0.36723267584342412
2019_1251_1416,0.22370281762397426
2019_1251_1429,0.2089100989073619
2019_1251_1433,0.2661143377322216
2019_1251_1436,0.39636259651636563
2019_1251_1437,0.10474376284276521
2019_1251_1438,0.053993407274771643
2019_1251_1439,0.1303026722898607
2019_1251_1449,0.21021882018693061
2019_1251_1458,0.16999050100254876
2019_1251_1459,0.43018048776209783
2019_1251_1463,0.50047350078795505
2019_1257_1261,0.43043064929276431
2019_1257_1266,0.52559462789645073
2019_1257_1268,0.49734258417161614
2019_1257_1276,0.31536621861661474
2019_1257_1277,0.27192516721164439
2019_1257_1278,0.63864182640769895
2019_1257_1279,0.66189687311446388
2019_1257_1280,0.51566917262862877
2019_1257_1285,0.8560914197382834
2019_1257_1293,0.71766549705643978
2019_1257_1295,0.91868322768595978
2019_1257_1297,0.78079260990130261
2019_1257_1300,0.97764546693090237
2019_1257_1305,0.43146279732264237
2019_1257_1308,0.62492816776460247
2019_1257_1314,0.24840404947332229
2019_1257_1318,0.73825082862302815
2019_1257_1326,0.56617531822701173
2019_1257_1328,0.60500382143416576
2019_1257_1330,0.75751186460870557
2019_1257_1332,0.49267720898637246
2019_1257_1341,0.9579261597819867
2019_1257_1345,0.41094177997114778
2019_1257_1371,0.53610791222018794
2019_1257_1385,0.6380497699355514
2019_1257_1387,0.72019166803038315
2019_1257_1388,0.64674780864154857
2019_1257_1393,0.54112994142396265
2019_1257_1396,0.60994771059540354
2019_1257_1397,0.32038784663247155
2019_1257_1403,0.3278427051389512
2019_1257_1414,0.7350914690235697
2019_1257_1416,0.57944622929336709
2019_1257_1429,0.558039656186605
2019_1257_1433,0.63420293795100613
2019_1257_1436,0.75842670260367751
2019_1257_1437,0.35873116917269954
2019_1257_1438,0.21438892022471745
2019_1257_1439,0.41737278054104343
2019_1257_1449,0.55998730753348447
2019_1257_1458,0.49475591467099211
2019_1257_1459,0.78306240648107051
2019_1257_1463,0.82730001120566576
2019_1261_1266,0.61345221626025181
2019_1261_1268,0.58631419243719418
2019_1261_1276,0.39752922605028629
2019_1261_1277,0.34853202489514212
2019_1261_1278,0.71684251500653007
2019_1261_1279,0.73713638620319533
2019_1261_1280,0.60397991820282804
2019_1261_1285,0.89497315484520135
2019_1261_1293,0.78453451573314426
2019_1261_1295,0.94180330499836951
2019_1261_1297,0.83612444199283287
2019_1261_1300,0.98428804632162059
2019_1261_1305,0.52086121895855519
2019_1261_1308,0.70472446481864859
2019_1261_1314,0.3213088354814293
2019_1261_1318,0.80159224372696636
2019_1261_1326,0.65150066457942735
2019_1261_1328,0.68691535531226289
2019_1261_1330,0.81734545825527605
2019_1261_1332,0.58178019196849706
2019_1261_1341,0.97024996222446436
2019_1261_1345,0.49982633317375491
2019_1261_1371,0.62341351571126058
2019_1261_1385,0.71632167200725028
2019_1261_1387,0.78664025487515576
2019_1261_1388,0.72395253692837436
2019_1261_1393,0.62814596542328693
2019_1261_1396,0.69135703648610236
2019_1261_1397,0.40308886989534454
2019_1261_1403,0.41130343849626949
2019_1261_1414,0.7989892570338516
2019_1261_1416,0.66371176523984277
2019_1261_1429,0.6439588877668988
2019_1261_1433,0.71293244506683973
2019_1261_1436,0.81808876999284752
2019_1261_1437,0.44485111665294375
2019_1261_1438,0.28104351817419293
2019_1261_1439,0.50645239767926098
2019_1261_1449,0.64576825436941587
2019_1261_1458,0.58380222375829915
2019_1261_1459,0.83794021932783758
2019_1261_1463,0.87280494064304015
2019_1266_1268,0.47645149343160065
2019_1266_1276,0.2975935683835651
2019_1266_1277,0.25568636764899544
2019_1266_1278,0.61912598661766916
2019_1266_1279,0.64293477317541492
2019_1266_1280,0.49476599623513728
2019_1266_1285,0.84547790373084553
2019_1266_1293,0.70041546098589214
2019_1266_1295,0.91221259828889134
2019_1266_1297,0.76614269225001941
2019_1266_1300,0.97574276275931726
2019_1266_1305,0.41107589563128943
2019_1266_1308,0.60512962642823798
2019_1266_1314,0.23312013673925946
2019_1266_1318,0.72177091164211649
2019_1266_1326,0.54553084083202508
2019_1266_1328,0.58485222894912325
2019_1266_1330,0.74182053752123756
2019_1266_1332,0.47179814935222475
2019_1266_1341,0.95442329387645619
2019_1266_1345,0.3908579076306945
2019_1266_1371,0.51525763979799777
2019_1266_1385,0.61852105466580198
2019_1266_1387,0.70303210866287613
2019_1266_1388,0.62741434623900127
2019_1266_1393,0.52030342034328925
2019_1266_1396,0.58987736317652484
2019_1266_1397,0.30245722179228673
2019_1266_1403,0.3096849819950005
2019_1266_1414,0.71848848742168181
2019_1266_1416,0.55894130981383228
2019_1266_1429,0.53732440527219993
2019_1266_1433,0.61459204030342052
2019_1266_1436,0.74277447243909689
2019_1266_1437,0.33972734659559045
2019_1266_1438,0.20063920430662496
2019_1266_1439,0.39718653214852107
2019_1266_1449,0.53928797831101383
2019_1266_1458,0.4738710463780591
2019_1266_1459,0.76851920990185374
2019_1266_1463,0.81502189013882664
2019_1268_1276,0.3226081747495666
2019_1268_1277,0.27857546481153361
2019_1268_1278,0.64629944734639944
2019_1268_1279,0.66931686020627668
2019_1268_1280,0.52399040489316995
2019_1268_1285,0.86015008395077697
2019_1268_1293,0.72437124701130073
2019_1268_1295,0.92113922340191845
2019_1268_1297,0.78644517851812723
2019_1268_1300,0.97836257999432463
2019_1268_1305,0.43965869931661494
2019_1268_1308,0.63270926498169677
2019_1268_1314,0.25468032534937901
2019_1268_1318,0.74464162265372291
2019_1268_1326,0.57434507936146606
2019_1268_1328,0.61294225200933938
2019_1268_1330,0.76358298625031529
2019_1268_1332,0.50101121906812152
2019_1268_1341,0.95924948297601897
2019_1268_1345,0.41903517804491874
2019_1268_1371,0.54438824713715361
2019_1268_1385,0.64571297714943943
2019_1268_1387,0.72686025410957156
2019_1268_1388,0.65432662977688683
2019_1268_1393,0.54939597937650375
2019_1268_1396,0.6178495419734984
2019_1268_1397,0.32768992385546192
2019_1268_1403,0.3352308793947697
2019_1268_1414,0.74153239443660179
2019_1268_1416,0.58754813493022118
2019_1268_1429,0.56624525109250579
2019_1268_1433,0.64190188013355931
2019_1268_1436,0.76448204091564853
2019_1268_1437,0.36643595206730606
2019_1268_1438,0.22005738892326132
2019_1268_1439,0.42550134597203559
2019_1268_1449,0.56818472313882906
2019_1268_1458,0.50309021811526045
2019_1268_1459,0.78867228679858847
2019_1268_1463,0.83201134369332086
2019_1276_1277,0.44167514655117524
2019_1276_1278,0.78917916882450001
2019_1276_1279,0.805693942404476
2019_1276_1280,0.69279265178634586
2019_1276_1285,0.92647145513175644
2019_1276_1293,0.84335708114044983
2019_1276_1295,0.95988640645076551
2019_1276_1297,0.88296390295623162
2019_1276_1300,0.98931982648233219
2019_1276_1305,0.61647788094720468
2019_1276_1308,0.77920332434415107
2019_1276_1314,0.41177519995500333
2019_1276_1318,0.85660914259301224
2019_1276_1326,0.73434371720518676
2019_1276_1328,0.76438442748293056
2019_1276_1330,0.86870957691266326
2019_1276_1332,0.67287502958020617
2019_1276_1341,0.97968467299212536
2019_1276_1345,0.59638792611365843
2019_1276_1371,0.70996089304234322
2019_1276_1385,0.78875217186414182
2019_1276_1387,0.8450015246269782
2019_1276_1388,0.79499228812840994
2019_1276_1393,0.7141045046011385
2019_1276_1396,0.76809810261226164
2019_1276_1397,0.49963015478010087
2019_1276_1403,0.50813732195304606
2019_1276_1414,0.8545970164857607
2019_1276_1416,0.74478915815715818
2019_1276_1429,0.72784581663157111
2019_1276_1433,0.78596974222096905
2019_1276_1436,0.86927729334835391
2019_1276_1437,0.54230737594991063
2019_1276_1438,0.36629152397958731
2019_1276_1439,0.60275146391106449
2019_1276_1449,0.72940801173733127
2019_1276_1458,0.67470289368796288
2019_1276_1459,0.88433248481883786
2019_1276_1463,0.91028519030971167
2019_1277_1278,0.81690672002002818
2019_1277_1279,0.83171261614957293
2019_1277_1280,0.72884139743612142
2019_1277_1285,0.93757049545776927
2019_1277_1293,0.86517638806734432
2019_1277_1295,0.96612592140817677
2019_1277_1297,0.89992092984465211
2019_1277_1300,0.99102389856736128
2019_1277_1305,0.65704867283432866
2019_1277_1308,0.80792358263037678
2019_1277_1314,0.45485151036738458
2019_1277_1318,0.87685207006858779
2019_1277_1326,0.76715543626060301
2019_1277_1328,0.7945239602486136
2019_1277_1330,0.88746865965509592
2019_1277_1332,0.71028359069903146
2019_1277_1341,0.98289950630735401
2019_1277_1345,0.63783542325715559
2019_1277_1371,0.74473734046540685
2019_1277_1385,0.81652282592771497
2019_1277_1387,0.86662799610985575
2019_1277_1388,0.82212760874398172
2019_1277_1393,0.74856007954542525
2019_1277_1396,0.79788819624278573
2019_1277_1397,0.54340671744229119
2019_1277_1403,0.55183721578540434
2019_1277_1414,0.87508257842584092
2019_1277_1416,0.77670304139731283
2019_1277_1429,0.761199117125679
2019_1277_1433,0.81401992769849096
2019_1277_1436,0.88796572075486424
2019_1277_1437,0.5854481440374848
2019_1277_1438,0.40790927655752174
2019_1277_1439,0.64393563108440577
2019_1277_1449,0.76263229749551442
2019_1277_1458,0.71199189715060796
2019_1277_1459,0.90111342904018654
2019_1277_1463,0.92362611304961295
2019_1278_1279,0.50948971176076663
2019_1278_1280,0.36098346455658559
2019_1278_1285,0.75940195266863852
2019_1278_1293,0.57422631129905422
2019_1278_1295,0.85702455578709746
2019_1278_1297,0.65396092567444575
2019_1278_1300,0.95868443165954353
2019_1278_1305,0.28706514750307011
2019_1278_1308,0.46921990869208108
2019_1278_1314,0.14919387768011605
2019_1278_1318,0.59943261459455188
2019_1278_1326,0.40913748445613307
2019_1278_1328,0.4483259828761863
2019_1278_1330,0.62370193206765723
2019_1278_1332,0.34004612912669407
2019_1278_1341,0.92354725451599751
2019_1278_1345,0.27014858034297162
2019_1278_1371,0.38010280710410227
2019_1278_1385,0.48328477467080722
2019_1278_1387,0.57727993823924395
2019_1278_1388,0.49274521136456684
2019_1278_1393,0.38487591340243188
2019_1278_1396,0.45345937142696047
2019_1278_1397,0.20008144793892313
2019_1278_1403,0.20558378733983385
2019_1278_1414,0.59551572633152561
2019_1278_1416,0.42231070210480481
2019_1278_1429,0.40117166839556351
2019_1278_1433,0.47913584538301934
2019_1278_1436,0.62487160074454551
2019_1278_1437,0.22887563522370058
2019_1278_1438,0.12647793652778871
2019_1278_1439,0.2754063877123113
2019_1278_1449,0.40307114424802692
2019_1278_1458,0.34191487052176539
2019_1278_1459,0.65696703027280801
2019_1278_1463,0.71764625774038482
2019_1279_1280,0.35287388590453395
2019_1279_1285,0.75288733751327253
2019_1279_1293,0.56556609262333368
2019_1279_1295,0.85264031907966409
2019_1279_1297,0.64592247754992937
2019_1279_1300,0.95726206601310604
2019_1279_1305,0.27988882288310035
2019_1279_1308,0.46043078349622524
2019_1279_1314,0.14476433530280786
2019_1279_1318,0.59091984585201518
2019_1279_1326,0.40062433152304799
2019_1279_1328,0.43960408645597948
2019_1279_1330,0.61537398805077848
2019_1279_1332,0.33216241719831818
2019_1279_1341,0.92101488888425265
2019_1279_1345,0.26323900476984075
2019_1279_1371,0.37181362568533027
2019_1279_1385,0.47446769867938487
2019_1279_1387,0.56863517203973435
2019_1279_1388,0.48391717994490935
2019_1279_1393,0.37654586940994839
2019_1279_1396,0.44471811331127642
2019_1279_1397,0.19448642668942728
2019_1279_1403,0.19987334624311603
2019_1279_1414,0.58697707161329782
2019_1279_1416,0.4137153701908487
2019_1279_1429,0.39271410020558983
2019_1279_1433,0.47032556498580858
2019_1279_1436,0.61655362833174887
2019_1279_1437,0.22269958931507783
2019_1279_1438,0.12262562167632673
2019_1279_1439,0.26841178965582668
2019_1279_1449,0.39459991882083312
2019_1279_1458,0.33400976066772781
2019_1279_1459,0.64896092884726042
2019_1279_1463,0.71043214663091825
2019_1280_1285,0.85285923888617665
2019_1280_1293,0.71236885669651073
2019_1280_1295,0.916720100253406
2019_1280_1297,0.77631111812908637
2019_1280_1300,0.97707026146527776
2019_1280_1305,0.42509807252375753
2019_1280_1308,0.618815828246705
2019_1280_1314,0.24358276678153179
2019_1280_1318,0.73319680248296526
2019_1280_1326,0.55977998425963471
2019_1280_1328,0.59877525154531974
2019_1280_1330,0.75270516484467742
2019_1280_1332,0.48618167935227175
2019_1280_1341,0.95686594255533641
2019_1280_1345,0.40466430878093151
2019_1280_1371,0.5296375684669361
2019_1280_1385,0.63202535379456082
2019_1280_1387,0.71492359388984916
2019_1280_1388,0.64078666025203224
2019_1280_1393,0.53466884525009872
2019_1280_1396,0.60374603946596239
2019_1280_1397,0.31475452274181592
2019_1280_1403,0.32214043531667969
2019_1280_1414,0.72999875057149266
2019_1280_1416,0.57309902023061232
2019_1280_1429,0.55161936957102731
2019_1280_1433,0.62815180864205011
2019_1280_1436,0.75363223926630851
2019_1280_1437,0.35277361725675949
2019_1280_1438,0.21004333657371199
2019_1280_1439,0.4110656250589948
2019_1280_1449,0.55357267978461444
2019_1280_1458,0.488259355215514
2019_1280_1459,0.77861416124269045
2019_1280_1463,0.8235544557059622
2019_1285_1293,0.30526549895493749
2019_1285_1295,0.66135315684901697
2019_1285_1297,0.38107978652771335
2019_1285_1300,0.88317631958720066
2019_1285_1305,0.11597154773216845
2019_1285_1308,0.22361204092565878
2019_1285_1314,0.054043815726040445
2019_1285_1318,0.32775379581456765
2019_1285_1326,0.18407252761509674
2019_1285_1328,0.20934133997556048
2019_1285_1330,0.35065245934153777
2019_1285_1332,0.14374194392235073
2019_1285_1341,0.79739398621833812
2019_1285_1345,0.10761550249723995
2019_1285_1371,0.1665087435873186
2019_1285_1385,0.23355428668469802
2019_1285_1387,0.30792323607649608
2019_1285_1388,0.24040056250956821
2019_1285_1393,0.16933233365773603
2019_1285_1396,0.2127938207641823
2019_1285_1397,0.075351565457819736
2019_1285_1403,0.077757201970703238
2019_1285_1414,0.3241754619446422
2019_1285_1416,0.19235835639236487
2019_1285_1429,0.17915998695022561
2019_1285_1433,0.23059250732041503
2019_1285_1436,0.35178877571031764
2019_1285_1437,0.088174213657840284
2019_1285_1438,0.045048149493499112
2019_1285_1439,0.1101875606924182
2019_1285_1449,0.18032482019117468
2019_1285_1458,0.14476853262077072
2019_1285_1459,0.38422431026529769
2019_1285_1463,0.45297751373786643
2019_1293_1295,0.82207171338347229
2019_1293_1297,0.59294402066254048
2019_1293_1300,0.94704860244380618
2019_1293_1305,0.23685001603718858
2019_1293_1308,0.40525340203786231
2019_1293_1314,0.1190681496826701
2019_1293_1318,0.53562824848719093
2019_1293_1326,0.3479916828583155
2019_1293_1328,0.38514103112919396
2019_1293_1330,0.56093175489731784
2019_1293_1332,0.28425844900984487
2019_1293_1341,0.90301672182278192
2019_1293_1345,0.22197126881655793
2019_1293_1371,0.32093930000770121
2019_1293_1385,0.41891416228517342
2019_1293_1387,0.51281482227271646
2019_1293_1388,0.42815864296618422
2019_1293_1393,0.32535940583132494
2019_1293_1396,0.39006247929470439
2019_1293_1397,0.16163240430103887
2019_1293_1403,0.16629719487663952
2019_1293_1414,0.53157500487443921
2019_1293_1416,0.3603969932631863
2019_1293_1429,0.34053024701214241
2019_1293_1433,0.41487414914751075
2019_1293_1436,0.56215956645834386
2019_1293_1437,0.18618117463816752
2019_1293_1438,0.10039782125781893
2019_1293_1439,0.22658251417557695
2019_1293_1449,0.34230672586853883
2019_1293_1458,0.28595344705681569
2019_1293_1459,0.59615285382313488
2019_1293_1463,0.66205589067974457
2019_1295_1297,0.24799819768587528
2019_1295_1300,0.80194725106218667
2019_1295_1305,0.065651195804197648
2019_1295_1308,0.13364712258168232
2019_1295_1314,0.029691571486914481
2019_1295_1318,0.20706449310077457
2019_1295_1326,0.10780648330312192
2019_1295_1328,0.12419942624320379
2019_1295_1330,0.22434511512173971
2019_1295_1332,0.082496403429716203
2019_1295_1341,0.6782488812996007
2019_1295_1345,0.060672022865643549
2019_1295_1371,0.096657756762570268
2019_1295_1385,0.14031224701467748
2019_1295_1387,0.19244574037213835
2019_1295_1388,0.14494216168551477
2019_1295_1393,0.098436733284619216
2019_1295_1396,0.1264723455860608
2019_1295_1397,0.041822501465347939
2019_1295_1403,0.043207725824445209
2019_1295_1414,0.20440316848306983
2019_1295_1416,0.11313529684851276
2019_1295_1429,0.10466823330720287
2019_1295_1433,0.13831950861772446
2019_1295_1436,0.22521408387850284
2019_1295_1437,0.04924333961310623
2019_1295_1438,0.02464376960889092
2019_1295_1439,0.06220031380403257
2019_1295_1449,0.10541094356782543
2019_1295_1458,0.083128048332086535
2019_1295_1459,0.25048902115044169
2019_1295_1463,0.3072522074570031
2019_1297_1300,0.92056855019178263
2019_1297_1305,0.16743635649961708
2019_1297_1308,0.30629422896784808
2019_1297_1314,0.080530334343021259
2019_1297_1318,0.42772873285617685
2019_1297_1326,0.25697371796940072
2019_1297_1328,0.28870903370732537
2019_1297_1330,0.45290638765567481
2019_1297_1332,0.20467717055896417
2019_1297_1341,0.85782283046193286
2019_1297_1345,0.15602661438508003
2019_1297_1371,0.23445265811046301
2019_1297_1385,0.31840503632402128
2019_1297_1387,0.40549795002969957
2019_1297_1388,0.3266784428118874
2019_1297_1393,0.23809928089055643
2019_1297_1396,0.29298541599366779
2019_1297_1397,0.11105489276761238
2019_1297_1403,0.11445927793324995
2019_1297_1414,0.42374691987827329
2019_1297_1416,0.26746540012818754
2019_1297_1429,0.25071341532611902
2019_1297_1433,0.31480920012264213
2019_1297_1436,0.45414231715977527
2019_1297_1437,0.12910488948957677
2019_1297_1438,0.067440262881332425
2019_1297_1439,0.15954885191027979
2019_1297_1449,0.25220052732071541
2019_1297_1458,0.20603423501061779
2019_1297_1459,0.48889727078320788
2019_1297_1463,0.55936629343873556
2019_1300_1305,0.017481520205452128
2019_1300_1308,0.037594786242178935
2019_1300_1314,0.0076891086976095258
2019_1300_1318,0.062024614236688258
2019_1300_1326,0.029689402206973137
2019_1300_1328,0.034665468043491243
2019_1300_1330,0.068242634199792596
2019_1300_1332,0.022261519760883752
2019_1300_1341,0.34802206555985327
2019_1300_1345,0.016092749107796012
2019_1300_1371,0.026380233570567624
2019_1300_1385,0.039689127146576908
2019_1300_1387,0.056910742344894572
2019_1300_1388,0.041157717394254778
2019_1300_1393,0.026904282084976083
2019_1300_1396,0.035366031365093531
2019_1300_1397,0.010931886155661985
2019_1300_1403,0.011306039332211193
2019_1300_1414,0.061083829932175537
2019_1300_1416,0.031292361347258435
2019_1300_1429,0.028751861104321819
2019_1300_1433,0.039060524751713288
2019_1300_1436,0.068560406694854747
2019_1300_1437,0.012945655580452575
2019_1300_1438,0.0063573913382140024
2019_1300_1439,0.016517861923071919
2019_1300_1449,0.028973312324144684
2019_1300_1458,0.022443249532926979
2019_1300_1459,0.078025153481065646
2019_1300_1463,0.10097136929488637
2019_1305_1308,0.6762776171056033
2019_1305_1314,0.29298219369319345
2019_1305_1318,0.77955846388252625
2019_1305_1326,0.6206861265465623
2019_1305_1328,0.65758642161406522
2019_1305_1330,0.79661724593673944
2019_1305_1332,0.54906780419333179
2019_1305_1341,0.96615531831705237
2019_1305_1345,0.46658108204079984
2019_1305_1371,0.59167201705903105
2019_1305_1385,0.68849824229603507
2019_1305_1387,0.7634360435109846
2019_1305_1388,0.69656050341598619
2019_1305_1393,0.59654520551767787
2019_1305_1396,0.66223959621164741
2019_1305_1397,0.3714989224051175
2019_1305_1403,0.37947898880453301
2019_1305_1414,0.77674691700508258
2019_1305_1416,0.63336933412980478
2019_1305_1429,0.61287374715073883
2019_1305_1433,0.68492281258471088
2019_1305_1436,0.79742400436821603
2019_1305_1437,0.41224865541898736
2019_1305_1438,0.25493328149843564
2019_1305_1439,0.47318336428898811
2019_1305_1449,0.614746577647729
2019_1305_1458,0.55112596713467976
2019_1305_1459,0.81903169553693556
2019_1305_1463,0.85727140744121322
2019_1308_1314,0.16474668171330298
2019_1308_1318,0.62731451286613604
2019_1308_1326,0.43784306482397384
2019_1308_1328,0.47755880932605954
2019_1308_1330,0.65087841656457712
2019_1308_1332,0.36691440244318618
2019_1308_1341,0.93144882654553607
2019_1308_1345,0.29395396463554746
2019_1308_1371,0.40817855063818009
2019_1308_1385,0.51267872612767862
2019_1308_1387,0.60568948541497503
2019_1308_1388,0.52213312964376413
2019_1308_1393,0.41306928765769713
2019_1308_1396,0.48273402613010485
2019_1308_1397,0.21957003029259881
2019_1308_1403,0.22545725896420665
2019_1308_1414,0.62349902023995307
2019_1308_1416,0.45123469344555389
2019_1308_1429,0.4297248301462645
2019_1308_1433,0.50852579745505189
2019_1308_1436,0.65201074270704673
2019_1308_1437,0.25029130199362259
2019_1308_1438,0.14005251002093655
2019_1308_1439,0.29948497227593729
2019_1308_1449,0.43166204618858273
2019_1308_1458,0.36884827489153005
2019_1308_1459,0.6829622803170583
2019_1308_1463,0.74085701795282877
2019_1314_1318,0.89038492645173872
2019_1314_1326,0.78985395182097984
2019_1314_1328,0.81519719427006876
2019_1314_1330,0.89996794231522692
2019_1314_1332,0.7366228047514437
2019_1314_1341,0.98497834067094758
2019_1314_1345,0.66767953033599226
2019_1314_1371,0.76896309686079856
2019_1314_1385,0.83544114119659807
2019_1314_1387,0.88113207811509686
2019_1314_1388,0.84058084711240011
2019_1314_1393,0.77253384793354551
2019_1314_1396,0.81830035683215341
2019_1314_1397,0.57585781109676704
2019_1314_1403,0.58414766471492174
2019_1314_1414,0.88878522305440977
2019_1314_1416,0.79871502704985886
2019_1314_1429,0.7843150286094217
2019_1314_1433,0.83314357924594895
2019_1314_1436,0.90041598819152191
2019_1314_1437,0.61701713084744525
2019_1314_1438,0.44006750498232339
2019_1314_1439,0.67353434353170738
2019_1314_1449,0.78564854366774317
2019_1314_1458,0.73823303982716371
2019_1314_1459,0.91224699578549484
2019_1314_1463,0.93241509857706728
2019_1318_1326,0.32728105488783299
2019_1318_1328,0.36345192041087737
2019_1318_1330,0.53800525226601381
2019_1318_1332,0.26579462350017091
2019_1318_1341,0.894596119929008
2019_1318_1345,0.20638663939616464
2019_1318_1371,0.30109518768585197
2019_1318_1385,0.3965497623385319
2019_1318_1387,0.48966170494668904
2019_1318_1388,0.40564523675001274
2019_1318_1393,0.30536489238909337
2019_1318_1396,0.36826221416155513
2019_1318_1397,0.14947030176658449
2019_1318_1403,0.15384850073891787
2019_1318_1414,0.50845887333321804
2019_1318_1416,0.33933230806607095
2019_1318_1429,0.32004570981725822
2019_1318_1433,0.39257971731191499
2019_1318_1436,0.53924451347998026
2019_1318_1437,0.17255207450993371
2019_1318_1438,0.09233586929326576
2019_1318_1439,0.21076183163011086
2019_1318_1449,0.32176746570782111
2019_1318_1458,0.26742065948263072
2019_1318_1459,0.57366765921786211
2019_1318_1463,0.64103055787421759
2019_1326_1328,0.54375964689032474
2019_1326_1330,0.70852173503357263
2019_1326_1332,0.43041347661890605
2019_1326_1341,0.9465700436258605
2019_1326_1345,0.35184375300012727
2019_1326_1371,0.47347801486712704
2019_1326_1385,0.57835849031848863
2019_1326_1387,0.66697642581102068
2019_1326_1388,0.58756374616983487
2019_1326_1393,0.47851854232827484
2019_1326_1396,0.54889853297666491
2019_1326_1397,0.26837926474576923
2019_1326_1403,0.27511385554278367
2019_1326_1414,0.68346447856672521
2019_1326_1416,0.51740032162621052
2019_1326_1429,0.49558480198326715
2019_1326_1433,0.57430052171833412
2019_1326_1436,0.70955053179808991
2019_1326_1437,0.30327588590679067
2019_1326_1438,0.17515253839800671
2019_1326_1439,0.35791184259431652
2019_1326_1449,0.49755987539678836
2019_1326_1458,0.43245341322017095
2019_1326_1459,0.73744512069438772
2019_1326_1463,0.78847214015682876
2019_1328_1330,0.66897371997254607
2019_1328_1332,0.38584000894752546
2019_1328_1341,0.9364223800174426
2019_1328_1345,0.31096474705442334
2019_1328_1371,0.42779434282641893
2019_1328_1385,0.53279538920080505
2019_1328_1387,0.62477673356661878
2019_1328_1388,0.54220800998666852
2019_1328_1393,0.43274825354228696
2019_1328_1396,0.50288822267506184
2019_1328_1397,0.23370109203374501
2019_1328_1403,0.23985076554212748
2019_1328_1414,0.64223339078033148
2019_1328_1416,0.47127195448865145
2019_1328_1429,0.44958947053988718
2019_1328_1433,0.52865628242920137
2019_1328_1436,0.67007710563788403
2019_1328_1437,0.26572632360938142
2019_1328_1438,0.15004992771230052
2019_1328_1439,0.31667227021383915
2019_1328_1449,0.45154533078131709
2019_1328_1458,0.38781252701836411
2019_1328_1459,0.70016070961260213
2019_1328_1463,0.75603669174005406
2019_1330_1332,0.23669587090213573
2019_1330_1341,0.87908112340980504
2019_1330_1345,0.18217796806648323
2019_1330_1371,0.269550625470105
2019_1330_1385,0.36015818487245999
2019_1330_1387,0.45111301321562447
2019_1330_1388,0.36892926830990869
2019_1330_1393,0.27354808900433669
2019_1330_1396,0.33303393181746277
2019_1330_1397,0.13083713623507021
2019_1330_1403,0.13475601720410357
2019_1330_1414,0.46979261271969763
2019_1330_1416,0.30553303405565635
2019_1330_1429,0.28733199682784039
2019_1330_1433,0.35633733426586511
2019_1330_1436,0.50062150110547066
2019_1330_1437,0.15155422370589733
2019_1330_1438,0.080153937474193637
2019_1330_1439,0.18616034333418729
2019_1330_1449,0.28895255088562966
2019_1330_1458,0.23820164563423807
2019_1330_1459,0.53544431180645979
2019_1330_1463,0.60468488426107625
2019_1332_1341,0.95964985695372274
2019_1332_1345,0.42154250590136488
2019_1332_1371,0.5469395036554564
2019_1332_1385,0.64806365343644967
2019_1332_1387,0.72889857200344643
2019_1332_1388,0.65665054429506875
2019_1332_1393,0.55194227390946571
2019_1332_1396,0.62027637300634952
2019_1332_1397,0.32996110769707676
2019_1332_1403,0.3375280892734992
2019_1332_1414,0.74349985903532989
2019_1332_1416,0.59003971260723276
2019_1332_1429,0.56877106677326483
2019_1332_1433,0.64426391205643074
2019_1332_1436,0.76632986104831113
2019_1332_1437,0.36882835731229746
2019_1332_1438,0.22182872244977681
2019_1332_1439,0.42801885964388875
2019_1332_1449,0.57070780727622505
2019_1332_1458,0.50566273606040835
2019_1332_1459,0.79038235569045545
2019_1332_1463,0.83344477439101872
2019_1341_1345,0.029793484846066254
2019_1341_1371,0.048408417332281073
2019_1341_1385,0.072008649854653606
2019_1341_1387,0.10176795243992409
2019_1341_1388,0.074580261249895252
2019_1341_1393,0.049347880593147764
2019_1341_1396,0.064401270913061359
2019_1341_1397,0.020329649989650478
2019_1341_1403,0.021018614404095359
2019_1341_1414,0.10885063810625129
2019_1341_1416,0.057181400979911978
2019_1341_1429,0.052653317396484156
2019_1341_1433,0.070905961494086345
2019_1341_1436,0.12141774329027244
2019_1341_1437,0.024032523058311606
2019_1341_1438,0.011869814826434122
2019_1341_1439,0.030569277321940702
2019_1341_1449,0.053048806282608219
2019_1341_1458,0.041323480000052148
2019_1341_1459,0.13710534225954896
2019_1341_1463,0.17414452121746482
2019_1345_1371,0.62804095426627482
2019_1345_1385,0.72031964063613152
2019_1345_1387,0.78993781982059952
2019_1345_1388,0.72788381523474188
2019_1345_1393,0.63274950924603013
2019_1345_1396,0.69555730702823104
2019_1345_1397,0.407852086509643
2019_1345_1403,0.41609605930157756
2019_1345_1414,0.8021439678700566
2019_1345_1416,0.66810764782172005
2019_1345_1429,0.6484762214481905
2019_1345_1433,0.71695930554929221
2019_1345_1436,0.82101087883888535
2019_1345_1437,0.44973601015763698
2019_1345_1438,0.28505326160834876
2019_1345_1439,0.51139061004508957
2019_1345_1449,0.65027509882847079
2019_1345_1458,0.58859519067688382
2019_1345_1459,0.84060557690214055
2019_1345_1463,0.87498243754196103
2019_1371_1385,0.59479714291708907
2019_1371_1387,0.68186059348692796
2019_1371_1388,0.60388930884794623
2019_1371_1393,0.49545396997015678
2019_1371_1396,0.5656231189693679
2019_1371_1397,0.28189786664289695
2019_1371_1403,0.28883776216234591
2019_1371_1414,0.69794545752751902
2019_1371_1416,0.53430191877701816
2019_1371_1429,0.51253059682999569
2019_1371_1433,0.59078544339555572
2019_1371_1436,0.72332122423043876
2019_1371_1437,0.31778875758444336
2019_1371_1438,0.18516367575004677
2019_1371_1439,0.37363713302051127
2019_1371_1449,0.5145043194393446
2019_1371_1458,0.44916275080141199
2019_1371_1459,0.75035859005437611
2019_1371_1463,0.79955805562553506
2019_1385_1387,0.59506760589232566
2019_1385_1388,0.51107732789382543
2019_1385_1393,0.40237829369369138
2019_1385_1396,0.47168900953859749
2019_1385_1397,0.21207755447937326
2019_1385_1403,0.21781996042810559
2019_1385_1414,0.61305039881138734
2019_1385_1416,0.44029691815198513
2019_1385_1429,0.41891043229790237
2019_1385_1433,0.49745818329278146
2019_1385_1436,0.64189892596106601
2019_1385_1437,0.24207568063389284
2019_1385_1438,0.13480475155651062
2019_1385_1439,0.29027981941388914
2019_1385_1449,0.42083487297836819
2019_1385_1458,0.35860252337348508
2019_1385_1459,0.67329919673081395
2019_1385_1463,0.73226677424138809
2019_1387_1388,0.41575428085105159
2019_1387_1393,0.31429637834857049
2019_1387_1396,0.37803218446714448
2019_1387_1397,0.15485861028437098
2019_1387_1403,0.15936506743306611
2019_1387_1414,0.51889322512948066
2019_1387_1416,0.34875848228638606
2019_1387_1429,0.32920308978901813
2019_1387_1433,0.40258370375594377
2019_1387_1436,0.54960423788241797
2019_1387_1437,0.17859774188210031
2019_1387_1438,0.095896743626161629
2019_1387_1439,0.21779387191050004
2019_1387_1449,0.33095013176996035
2019_1387_1458,0.27568278774383981
2019_1387_1459,0.58385070512530024
2019_1387_1463,0.65058463842647085
2019_1388_1393,0.39603768797534566
2019_1388_1396,0.46510622461812734
2019_1388_1397,0.20769351677225778
2019_1388_1403,0.21334935912849518
2019_1388_1414,0.6067605585771636
2019_1388_1416,0.433792512504803
2019_1388_1429,0.41248912505589874
2019_1388_1433,0.49084989807791646
2019_1388_1436,0.63579943447764153
2019_1388_1437,0.23725825474475082
2019_1388_1438,0.13175098479210623
2019_1388_1439,0.28486365223815346
2019_1388_1449,0.41440510401254194
2019_1388_1458,0.35254480011935119
2019_1388_1459,0.66745746424916197
2019_1388_1463,0.72705199879855154
2019_1393_1396,0.57914398164408243
2019_1393_1397,0.29321465086475729
2019_1393_1403,0.30031663455566238
2019_1393_1414,0.70946317391984626
2019_1393_1416,0.54801866004037847
2019_1393_1429,0.52632009511692623
2019_1393_1433,0.60407132713415712
2019_1393_1436,0.73423977261303786
2019_1393_1437,0.32988448277316884
2019_1393_1438,0.19364426792035605
2019_1393_1439,0.38665378895128277
2019_1393_1449,0.5282893710032317
2019_1393_1458,0.46286620086864105
2019_1393_1459,0.76056335903409178
2019_1393_1463,0.80826556266138128
2019_1396_1397,0.23434859972470479
2019_1396_1403,0.24050996417470527
2019_1396_1414,0.64306293137281534
2019_1396_1416,0.47217210895157002
2019_1396_1429,0.4504834961918881
2019_1396_1433,0.52955626519937471
2019_1396_1436,0.6708751711333687
2019_1396_1437,0.26643171188357673
2019_1396_1438,0.15051118852737699
2019_1396_1439,0.31745442876357854
2019_1396_1449,0.45244004871074828
2019_1396_1458,0.38867045400264277
2019_1396_1459,0.7009184848627642
2019_1396_1463,0.75670232335806875
2019_1397_1403,0.49046776541939607
2019_1397_1414,0.84559156953594816
2019_1397_1416,0.73112255412998683
2019_1397_1429,0.71362076655627826
2019_1397_1433,0.77383873258005553
2019_1397_1436,0.86103321244542597
2019_1397_1437,0.52471718666514944
2019_1397_1438,0.35004413309802518
2019_1397_1439,0.58570964328796249
2019_1397_1449,0.7152326684081356
2019_1397_1458,0.65900151024004927
2019_1397_1459,0.87690341436660846
2019_1397_1463,0.90434269993059946
2019_1403_1414,0.84788349926081441
2019_1403_1416,0.73458025748494093
2019_1403_1429,0.71721648677121563
2019_1403_1433,0.77691472803187134
2019_1403_1436,0.86313303628922444
2019_1403_1437,0.52911969454687391
2019_1403_1438,0.35407288612231214
2019_1403_1439,0.58998864621764646
2019_1403_1449,0.71881612445142107
2019_1403_1458,0.66295912313291117
2019_1403_1459,0.87879719108110788
2019_1403_1463,0.9058596564830077
2019_1414_1416,0.33114186345029284
2019_1414_1429,0.31210087227779348
2019_1414_1433,0.38385076697777398
2019_1414_1436,0.53010045463518751
2019_1414_1437,0.16736739578163229
2019_1414_1438,0.089301325573405754
2019_1414_1439,0.20471310380232
2019_1414_1449,0.31379961218910968
2019_1414_1458,0.26028212069396117
2019_1414_1459,0.5646552282223356
2019_1414_1463,0.63252997102800979
2019_1416_1429,0.47414634884988849
2019_1416_1433,0.55319134167185469
2019_1416_1436,0.69154589093682062
2019_1416_1437,0.28544873901572643
2019_1416_1438,0.16309374590295989
2019_1416_1439,0.33843312351581101
2019_1416_1449,0.47611662895887685
2019_1416_1458,0.41151792260650732
2019_1416_1459,0.72048847278186412
2019_1416_1463,0.77380014237022088
2019_1429_1433,0.56724919338474589
2019_1429_1436,0.70358320282493136
2019_1429_1437,0.29722880649295047
2019_1429_1438,0.17103300988359249
2019_1429_1439,0.35132469685024958
2019_1429_1449,0.49036541739970152
2019_1429_1458,0.42540329662048848
2019_1429_1459,0.73183429491922658
2019_1429_1463,0.78363182573849455
2019_1433_1436,0.65504162056240789
2019_1433_1437,0.25281143208670009
2019_1433_1438,0.1416724202524936
2019_1433_1439,0.30230069773741719
2019_1433_1449,0.43494888634774742
2019_1433_1458,0.37196986033826751
2019_1433_1459,0.68585346593850682
2019_1433_1463,0.74341858997385957
2019_1436_1437,0.15171253419329722
2019_1436_1438,0.080244718637448864
2019_1436_1439,0.18634686318783
2019_1436_1449,0.28920546275164927
2019_1436_1458,0.23842503166441353
2019_1436_1459,0.53575041258022305
2019_1436_1463,0.60497902004706439
2019_1437_1438,0.34249034535098999
2019_1437_1439,0.57758962912193867
2019_1437_1449,0.70838735180159174
2019_1437_1458,0.65146318434100903
2019_1437_1459,0.87325570679098818
2019_1437_1463,0.90141668668510844
2019_1438_1439,0.7197095950030874
2019_1438_1449,0.82019952837122478
2019_1438_1458,0.77826985414201588
2019_1438_1459,0.9282552466531816
2019_1438_1463,0.94496615887626711
2019_1439_1449,0.65254599035001615
2019_1439_1458,0.59101469471179535
2019_1439_1459,0.84194098338369971
2019_1439_1463,0.87607229495012884
2019_1449_1458,0.45041176986373155
2019_1449_1459,0.75130279803765176
2019_1449_1463,0.80036568685399589
2019_1458_1459,0.7781511471912852
2019_1458_1463,0.82316408476530833
2019_1459_1463,0.57803529820212418
